Tree_ID;Date;Phase A;Phase B;Phase C;Phase D;Phase E;Phase F
BSF_1;16.03.2021;100;0;0;0;0;0
BSF_1;23.03.2021;100;0;0;0;0;0
BSF_1;30.03.2021;90;10;0;0;0;0
BSF_1;02.04.2021;80;20;0;0;0;0
BSF_1;06.04.2021;80;20;0;0;0;0
BSF_1;13.04.2021;80;20;0;0;0;0
BSF_1;16.04.2021;30;70;0;0;0;0
BSF_1;20.04.2021;10;90;0;0;0;0
BSF_1;23.04.2021;10;90;0;0;0;0
BSF_1;27.04.2021;10;80;10;0;0;0
BSF_1;30.04.2021;0;70;30;0;0;0
BSF_1;04.05.2021;0;10;70;10;10;0
BSF_1;07.05.2021;0;0;30;30;30;10
BSF_1;11.05.2021;0;0;0;0;10;90
BSF_1;14.05.2021;0;0;0;0;0;100
BSF_1;18.05.2021;0;0;0;0;0;100
BSF_1;24.05.2021;0;0;0;0;0;100
BSF_1;01.06.2021;0;0;0;0;0;100
BSF_2;16.03.2021;100;0;0;0;0;0
BSF_2;23.03.2021;100;0;0;0;0;0
BSF_2;30.03.2021;100;0;0;0;0;0
BSF_2;02.04.2021;100;0;0;0;0;0
BSF_2;06.04.2021;100;0;0;0;0;0
BSF_2;13.04.2021;100;0;0;0;0;0
BSF_2;16.04.2021;100;0;0;0;0;0
BSF_2;20.04.2021;100;0;0;0;0;0
BSF_2;23.04.2021;100;0;0;0;0;0
BSF_2;27.04.2021;100;0;0;0;0;0
BSF_2;30.04.2021;100;0;0;0;0;0
BSF_2;04.05.2021;100;0;0;0;0;0
BSF_2;07.05.2021;100;0;0;0;0;0
BSF_2;11.05.2021;100;0;0;0;0;0
BSF_2;14.05.2021;100;0;0;0;0;0
BSF_2;18.05.2021;100;0;0;0;0;0
BSF_2;24.05.2021;100;0;0;0;0;0
BSF_2;01.06.2021;100;0;0;0;0;0
mof_cst_00001;16.03.2021;100;0;0;0;0;0
mof_cst_00001;23.03.2021;100;0;0;0;0;0
mof_cst_00001;30.03.2021;100;0;0;0;0;0
mof_cst_00001;02.04.2021;70;30;0;0;0;0
mof_cst_00001;06.04.2021;70;30;0;0;0;0
mof_cst_00001;13.04.2021;30;70;0;0;0;0
mof_cst_00001;16.04.2021;30;70;0;0;0;0
mof_cst_00001;20.04.2021;10;90;0;0;0;0
mof_cst_00001;23.04.2021;0;100;0;0;0;0
mof_cst_00001;27.04.2021;0;80;20;0;0;0
mof_cst_00001;30.04.2021;0;20;30;20;20;10
mof_cst_00001;04.05.2021;0;0;30;30;20;20
mof_cst_00001;07.05.2021;0;0;10;20;30;40
mof_cst_00001;11.05.2021;0;0;0;10;10;80
mof_cst_00001;14.05.2021;0;0;0;0;10;90
mof_cst_00001;18.05.2021;0;0;0;0;0;100
mof_cst_00001;24.05.2021;0;0;0;0;0;100
mof_cst_00001;01.06.2021;0;0;0;0;0;100
mof_cst_00002;16.03.2021;100;0;0;0;0;0
mof_cst_00002;23.03.2021;100;0;0;0;0;0
mof_cst_00002;30.03.2021;90;10;0;0;0;0
mof_cst_00002;02.04.2021;90;10;0;0;0;0
mof_cst_00002;06.04.2021;90;10;0;0;0;0
mof_cst_00002;13.04.2021;90;10;0;0;0;0
mof_cst_00002;16.04.2021;80;20;0;0;0;0
mof_cst_00002;20.04.2021;50;50;0;0;0;0
mof_cst_00002;23.04.2021;50;50;0;0;0;0
mof_cst_00002;27.04.2021;50;50;0;0;0;0
mof_cst_00002;30.04.2021;30;60;10;0;0;0
mof_cst_00002;04.05.2021;30;60;10;0;0;0
mof_cst_00002;07.05.2021;30;30;30;10;0;0
mof_cst_00002;11.05.2021;0;10;10;40;10;30
mof_cst_00002;14.05.2021;0;0;10;10;20;60
mof_cst_00002;18.05.2021;0;0;10;10;10;70
mof_cst_00002;24.05.2021;0;0;0;0;0;100
mof_cst_00002;01.06.2021;0;0;0;0;0;100
mof_cst_00003;16.03.2021;100;0;0;0;0;0
mof_cst_00003;23.03.2021;100;0;0;0;0;0
mof_cst_00003;30.03.2021;70;30;0;0;0;0
mof_cst_00003;02.04.2021;20;80;0;0;0;0
mof_cst_00003;06.04.2021;20;80;0;0;0;0
mof_cst_00003;13.04.2021;20;80;0;0;0;0
mof_cst_00003;16.04.2021;20;80;0;0;0;0
mof_cst_00003;20.04.2021;20;80;0;0;0;0
mof_cst_00003;23.04.2021;10;80;10;0;0;0
mof_cst_00003;27.04.2021;0;80;20;0;0;0
mof_cst_00003;30.04.2021;0;20;60;20;0;0
mof_cst_00003;04.05.2021;0;20;60;20;0;0
mof_cst_00003;07.05.2021;0;20;40;20;10;10
mof_cst_00003;11.05.2021;0;0;0;0;10;90
mof_cst_00003;14.05.2021;0;0;0;0;0;100
mof_cst_00003;18.05.2021;0;0;0;0;0;100
mof_cst_00003;24.05.2021;0;0;0;0;0;100
mof_cst_00003;01.06.2021;0;0;0;0;0;100
mof_cst_00004;16.03.2021;100;0;0;0;0;0
mof_cst_00004;23.03.2021;100;0;0;0;0;0
mof_cst_00004;30.03.2021;100;0;0;0;0;0
mof_cst_00004;02.04.2021;100;0;0;0;0;0
mof_cst_00004;06.04.2021;100;0;0;0;0;0
mof_cst_00004;13.04.2021;90;10;0;0;0;0
mof_cst_00004;16.04.2021;70;30;0;0;0;0
mof_cst_00004;20.04.2021;50;50;0;0;0;0
mof_cst_00004;23.04.2021;40;60;0;0;0;0
mof_cst_00004;27.04.2021;20;80;0;0;0;0
mof_cst_00004;30.04.2021;10;50;40;0;0;0
mof_cst_00004;04.05.2021;10;20;40;20;10;0
mof_cst_00004;07.05.2021;0;10;20;50;20;0
mof_cst_00004;11.05.2021;0;0;0;30;40;30
mof_cst_00004;14.05.2021;0;0;0;10;20;70
mof_cst_00004;18.05.2021;0;0;0;10;10;80
mof_cst_00004;24.05.2021;0;0;0;0;0;100
mof_cst_00004;01.06.2021;0;0;0;0;0;100
mof_cst_00005;16.03.2021;100;0;0;0;0;0
mof_cst_00005;23.03.2021;100;0;0;0;0;0
mof_cst_00005;30.03.2021;100;0;0;0;0;0
mof_cst_00005;02.04.2021;100;0;0;0;0;0
mof_cst_00005;06.04.2021;100;0;0;0;0;0
mof_cst_00005;13.04.2021;90;10;0;0;0;0
mof_cst_00005;16.04.2021;70;30;0;0;0;0
mof_cst_00005;20.04.2021;40;60;0;0;0;0
mof_cst_00005;23.04.2021;10;90;0;0;0;0
mof_cst_00005;27.04.2021;10;80;10;0;0;0
mof_cst_00005;30.04.2021;0;10;20;30;30;10
mof_cst_00005;04.05.2021;0;10;20;30;20;20
mof_cst_00005;07.05.2021;0;10;20;30;20;20
mof_cst_00005;11.05.2021;0;0;0;10;10;80
mof_cst_00005;14.05.2021;0;0;0;0;10;90
mof_cst_00005;18.05.2021;0;0;0;0;0;100
mof_cst_00005;24.05.2021;0;0;0;0;0;100
mof_cst_00005;01.06.2021;0;0;0;0;0;100
mof_cst_00006;16.03.2021;100;0;0;0;0;0
mof_cst_00006;23.03.2021;100;0;0;0;0;0
mof_cst_00006;30.03.2021;90;10;0;0;0;0
mof_cst_00006;02.04.2021;90;10;0;0;0;0
mof_cst_00006;06.04.2021;90;10;0;0;0;0
mof_cst_00006;13.04.2021;90;10;0;0;0;0
mof_cst_00006;16.04.2021;50;50;0;0;0;0
mof_cst_00006;20.04.2021;30;70;0;0;0;0
mof_cst_00006;23.04.2021;10;90;0;0;0;0
mof_cst_00006;27.04.2021;10;90;0;0;0;0
mof_cst_00006;30.04.2021;0;20;10;50;10;10
mof_cst_00006;04.05.2021;0;10;30;40;10;10
mof_cst_00006;07.05.2021;0;0;10;10;30;50
mof_cst_00006;11.05.2021;0;0;0;0;0;100
mof_cst_00006;14.05.2021;0;0;0;0;0;100
mof_cst_00006;18.05.2021;0;0;0;0;0;100
mof_cst_00006;24.05.2021;0;0;0;0;0;100
mof_cst_00006;01.06.2021;0;0;0;0;0;100
mof_cst_00007;16.03.2021;100;0;0;0;0;0
mof_cst_00007;23.03.2021;100;0;0;0;0;0
mof_cst_00007;30.03.2021;100;0;0;0;0;0
mof_cst_00007;02.04.2021;90;10;0;0;0;0
mof_cst_00007;06.04.2021;90;10;0;0;0;0
mof_cst_00007;13.04.2021;90;10;0;0;0;0
mof_cst_00007;16.04.2021;60;40;0;0;0;0
mof_cst_00007;20.04.2021;50;50;0;0;0;0
mof_cst_00007;23.04.2021;20;70;10;0;0;0
mof_cst_00007;27.04.2021;10;80;10;0;0;0
mof_cst_00007;30.04.2021;10;30;30;20;10;0
mof_cst_00007;04.05.2021;0;10;40;40;10;0
mof_cst_00007;07.05.2021;0;10;40;40;10;0
mof_cst_00007;11.05.2021;0;0;0;10;20;70
mof_cst_00007;14.05.2021;0;0;0;0;0;100
mof_cst_00007;18.05.2021;0;0;0;0;0;100
mof_cst_00007;24.05.2021;0;0;0;0;0;100
mof_cst_00007;01.06.2021;0;0;0;0;0;100
mof_cst_00008;16.03.2021;100;0;0;0;0;0
mof_cst_00008;23.03.2021;100;0;0;0;0;0
mof_cst_00008;30.03.2021;90;10;0;0;0;0
mof_cst_00008;02.04.2021;50;50;0;0;0;0
mof_cst_00008;06.04.2021;50;50;0;0;0;0
mof_cst_00008;13.04.2021;50;50;0;0;0;0
mof_cst_00008;16.04.2021;50;50;0;0;0;0
mof_cst_00008;20.04.2021;10;90;0;0;0;0
mof_cst_00008;23.04.2021;10;90;0;0;0;0
mof_cst_00008;27.04.2021;10;90;0;0;0;0
mof_cst_00008;30.04.2021;10;80;10;0;0;0
mof_cst_00008;04.05.2021;10;80;10;0;0;0
mof_cst_00008;07.05.2021;10;30;60;0;0;0
mof_cst_00008;11.05.2021;0;0;0;10;20;70
mof_cst_00008;14.05.2021;0;0;0;0;0;100
mof_cst_00008;18.05.2021;0;0;0;0;0;100
mof_cst_00008;24.05.2021;0;0;0;0;0;100
mof_cst_00008;01.06.2021;0;0;0;0;0;100
mof_cst_00009;16.03.2021;100;0;0;0;0;0
mof_cst_00009;23.03.2021;100;0;0;0;0;0
mof_cst_00009;30.03.2021;100;0;0;0;0;0
mof_cst_00009;02.04.2021;90;10;0;0;0;0
mof_cst_00009;06.04.2021;90;10;0;0;0;0
mof_cst_00009;13.04.2021;80;20;0;0;0;0
mof_cst_00009;16.04.2021;80;20;0;0;0;0
mof_cst_00009;20.04.2021;40;60;0;0;0;0
mof_cst_00009;23.04.2021;30;70;0;0;0;0
mof_cst_00009;27.04.2021;20;80;0;0;0;0
mof_cst_00009;30.04.2021;10;80;10;0;0;0
mof_cst_00009;04.05.2021;10;60;30;0;0;0
mof_cst_00009;07.05.2021;10;60;30;0;0;0
mof_cst_00009;11.05.2021;0;0;10;30;40;20
mof_cst_00009;14.05.2021;0;0;10;10;10;70
mof_cst_00009;18.05.2021;0;0;0;0;0;100
mof_cst_00009;24.05.2021;0;0;0;0;0;100
mof_cst_00009;01.06.2021;0;0;0;0;0;100
mof_cst_00010;16.03.2021;100;0;0;0;0;0
mof_cst_00010;23.03.2021;100;0;0;0;0;0
mof_cst_00010;30.03.2021;100;0;0;0;0;0
mof_cst_00010;02.04.2021;90;10;0;0;0;0
mof_cst_00010;06.04.2021;90;10;0;0;0;0
mof_cst_00010;13.04.2021;80;20;0;0;0;0
mof_cst_00010;16.04.2021;50;40;10;0;0;0
mof_cst_00010;20.04.2021;10;80;10;0;0;0
mof_cst_00010;23.04.2021;0;80;20;0;0;0
mof_cst_00010;27.04.2021;0;70;20;10;0;0
mof_cst_00010;30.04.2021;0;10;60;10;10;10
mof_cst_00010;04.05.2021;0;0;10;50;20;20
mof_cst_00010;07.05.2021;0;0;10;20;30;40
mof_cst_00010;11.05.2021;0;0;0;0;0;100
mof_cst_00010;14.05.2021;0;0;0;0;0;100
mof_cst_00010;18.05.2021;0;0;0;0;0;100
mof_cst_00010;24.05.2021;0;0;0;0;0;100
mof_cst_00010;01.06.2021;0;0;0;0;0;100
mof_cst_00011;16.03.2021;100;0;0;0;0;0
mof_cst_00011;23.03.2021;100;0;0;0;0;0
mof_cst_00011;30.03.2021;100;0;0;0;0;0
mof_cst_00011;02.04.2021;100;0;0;0;0;0
mof_cst_00011;06.04.2021;100;0;0;0;0;0
mof_cst_00011;13.04.2021;90;10;0;0;0;0
mof_cst_00011;16.04.2021;90;10;0;0;0;0
mof_cst_00011;20.04.2021;50;50;0;0;0;0
mof_cst_00011;23.04.2021;20;80;0;0;0;0
mof_cst_00011;27.04.2021;10;90;0;0;0;0
mof_cst_00011;30.04.2021;0;80;20;0;0;0
mof_cst_00011;04.05.2021;0;80;20;0;0;0
mof_cst_00011;07.05.2021;0;60;40;0;0;0
mof_cst_00011;11.05.2021;0;0;10;20;20;50
mof_cst_00011;14.05.2021;0;0;0;0;0;100
mof_cst_00011;18.05.2021;0;0;0;0;0;100
mof_cst_00011;24.05.2021;0;0;0;0;0;100
mof_cst_00011;01.06.2021;0;0;0;0;0;100
mof_cst_00012;16.03.2021;100;0;0;0;0;0
mof_cst_00012;23.03.2021;100;0;0;0;0;0
mof_cst_00012;30.03.2021;100;0;0;0;0;0
mof_cst_00012;02.04.2021;100;0;0;0;0;0
mof_cst_00012;06.04.2021;100;0;0;0;0;0
mof_cst_00012;13.04.2021;100;0;0;0;0;0
mof_cst_00012;16.04.2021;90;10;0;0;0;0
mof_cst_00012;20.04.2021;60;40;0;0;0;0
mof_cst_00012;23.04.2021;20;80;0;0;0;0
mof_cst_00012;27.04.2021;10;80;10;0;0;0
mof_cst_00012;30.04.2021;10;80;10;0;0;0
mof_cst_00012;04.05.2021;10;80;10;0;0;0
mof_cst_00012;07.05.2021;10;70;20;0;0;0
mof_cst_00012;11.05.2021;0;0;10;10;10;70
mof_cst_00012;14.05.2021;0;0;0;0;10;90
mof_cst_00012;18.05.2021;0;0;0;0;0;100
mof_cst_00012;24.05.2021;0;0;0;0;0;100
mof_cst_00012;01.06.2021;0;0;0;0;0;100
mof_cst_00013;16.03.2021;100;0;0;0;0;0
mof_cst_00013;23.03.2021;100;0;0;0;0;0
mof_cst_00013;30.03.2021;100;0;0;0;0;0
mof_cst_00013;02.04.2021;60;40;0;0;0;0
mof_cst_00013;06.04.2021;60;40;0;0;0;0
mof_cst_00013;13.04.2021;60;40;0;0;0;0
mof_cst_00013;16.04.2021;60;40;0;0;0;0
mof_cst_00013;20.04.2021;20;80;0;0;0;0
mof_cst_00013;23.04.2021;30;70;0;0;0;0
mof_cst_00013;27.04.2021;10;80;10;0;0;0
mof_cst_00013;30.04.2021;0;90;10;0;0;0
mof_cst_00013;04.05.2021;0;10;30;30;30;0
mof_cst_00013;07.05.2021;0;10;20;30;40;0
mof_cst_00013;11.05.2021;0;0;0;0;0;100
mof_cst_00013;14.05.2021;0;0;0;0;0;100
mof_cst_00013;18.05.2021;0;0;0;0;0;100
mof_cst_00013;24.05.2021;0;0;0;0;0;100
mof_cst_00013;01.06.2021;0;0;0;0;0;100
mof_cst_00014;16.03.2021;100;0;0;0;0;0
mof_cst_00014;23.03.2021;100;0;0;0;0;0
mof_cst_00014;30.03.2021;100;0;0;0;0;0
mof_cst_00014;02.04.2021;90;10;0;0;0;0
mof_cst_00014;06.04.2021;90;10;0;0;0;0
mof_cst_00014;13.04.2021;90;10;0;0;0;0
mof_cst_00014;16.04.2021;70;30;0;0;0;0
mof_cst_00014;20.04.2021;50;50;0;0;0;0
mof_cst_00014;23.04.2021;10;90;0;0;0;0
mof_cst_00014;27.04.2021;10;80;10;0;0;0
mof_cst_00014;30.04.2021;10;80;10;0;0;0
mof_cst_00014;04.05.2021;10;20;40;20;10;0
mof_cst_00014;07.05.2021;0;10;60;20;10;0
mof_cst_00014;11.05.2021;0;0;0;0;10;90
mof_cst_00014;14.05.2021;0;0;0;0;0;100
mof_cst_00014;18.05.2021;0;0;0;0;0;100
mof_cst_00014;24.05.2021;0;0;0;0;0;100
mof_cst_00014;01.06.2021;0;0;0;0;0;100
mof_cst_00015;16.03.2021;100;0;0;0;0;0
mof_cst_00015;23.03.2021;100;0;0;0;0;0
mof_cst_00015;30.03.2021;70;30;0;0;0;0
mof_cst_00015;02.04.2021;60;40;0;0;0;0
mof_cst_00015;06.04.2021;60;40;0;0;0;0
mof_cst_00015;13.04.2021;60;40;0;0;0;0
mof_cst_00015;16.04.2021;60;40;0;0;0;0
mof_cst_00015;20.04.2021;20;80;0;0;0;0
mof_cst_00015;23.04.2021;10;90;0;0;0;0
mof_cst_00015;27.04.2021;10;90;0;0;0;0
mof_cst_00015;30.04.2021;10;70;20;0;0;0
mof_cst_00015;04.05.2021;10;50;40;0;0;0
mof_cst_00015;07.05.2021;10;50;40;0;0;0
mof_cst_00015;11.05.2021;0;0;0;0;10;90
mof_cst_00015;14.05.2021;0;0;0;0;0;100
mof_cst_00015;18.05.2021;0;0;0;0;0;100
mof_cst_00015;24.05.2021;0;0;0;0;0;100
mof_cst_00015;01.06.2021;0;0;0;0;0;100
mof_cst_00016;16.03.2021;100;0;0;0;0;0
mof_cst_00016;23.03.2021;100;0;0;0;0;0
mof_cst_00016;30.03.2021;90;10;0;0;0;0
mof_cst_00016;02.04.2021;80;20;0;0;0;0
mof_cst_00016;06.04.2021;80;20;0;0;0;0
mof_cst_00016;13.04.2021;80;20;0;0;0;0
mof_cst_00016;16.04.2021;80;20;0;0;0;0
mof_cst_00016;20.04.2021;40;60;0;0;0;0
mof_cst_00016;23.04.2021;10;80;10;0;0;0
mof_cst_00016;27.04.2021;10;70;20;0;0;0
mof_cst_00016;30.04.2021;0;70;30;0;0;0
mof_cst_00016;04.05.2021;0;30;50;10;10;0
mof_cst_00016;07.05.2021;0;20;30;30;10;10
mof_cst_00016;11.05.2021;0;0;0;0;10;90
mof_cst_00016;14.05.2021;0;0;0;0;0;100
mof_cst_00016;18.05.2021;0;0;0;0;0;100
mof_cst_00016;24.05.2021;0;0;0;0;0;100
mof_cst_00016;01.06.2021;0;0;0;0;0;100
mof_cst_00017;16.03.2021;100;0;0;0;0;0
mof_cst_00017;23.03.2021;100;0;0;0;0;0
mof_cst_00017;30.03.2021;90;10;0;0;0;0
mof_cst_00017;02.04.2021;40;60;0;0;0;0
mof_cst_00017;06.04.2021;40;60;0;0;0;0
mof_cst_00017;13.04.2021;40;60;0;0;0;0
mof_cst_00017;16.04.2021;40;60;0;0;0;0
mof_cst_00017;20.04.2021;10;90;0;0;0;0
mof_cst_00017;23.04.2021;10;80;10;0;0;0
mof_cst_00017;27.04.2021;0;100;0;0;0;0
mof_cst_00017;30.04.2021;0;90;10;0;0;0
mof_cst_00017;04.05.2021;0;10;80;10;0;0
mof_cst_00017;07.05.2021;0;0;60;30;10;0
mof_cst_00017;11.05.2021;0;0;0;0;10;90
mof_cst_00017;14.05.2021;0;0;0;0;0;100
mof_cst_00017;18.05.2021;0;0;0;0;0;100
mof_cst_00017;24.05.2021;0;0;0;0;0;100
mof_cst_00017;01.06.2021;0;0;0;0;0;100
mof_cst_00018;16.03.2021;100;0;0;0;0;0
mof_cst_00018;23.03.2021;90;10;0;0;0;0
mof_cst_00018;30.03.2021;90;10;0;0;0;0
mof_cst_00018;02.04.2021;80;20;0;0;0;0
mof_cst_00018;06.04.2021;70;30;0;0;0;0
mof_cst_00018;13.04.2021;60;40;0;0;0;0
mof_cst_00018;16.04.2021;40;60;0;0;0;0
mof_cst_00018;20.04.2021;0;100;0;0;0;0
mof_cst_00018;23.04.2021;0;90;10;0;0;0
mof_cst_00018;27.04.2021;0;90;10;0;0;0
mof_cst_00018;30.04.2021;0;20;30;40;10;0
mof_cst_00018;04.05.2021;0;0;30;30;20;20
mof_cst_00018;07.05.2021;0;0;10;20;20;50
mof_cst_00018;11.05.2021;0;0;0;0;0;100
mof_cst_00018;14.05.2021;0;0;0;0;0;100
mof_cst_00018;18.05.2021;0;0;0;0;0;100
mof_cst_00018;24.05.2021;0;0;0;0;0;100
mof_cst_00018;01.06.2021;0;0;0;0;0;100
mof_cst_00019;16.03.2021;100;0;0;0;0;0
mof_cst_00019;23.03.2021;100;0;0;0;0;0
mof_cst_00019;30.03.2021;90;10;0;0;0;0
mof_cst_00019;02.04.2021;80;20;0;0;0;0
mof_cst_00019;06.04.2021;50;50;0;0;0;0
mof_cst_00019;13.04.2021;50;50;0;0;0;0
mof_cst_00019;16.04.2021;30;70;0;0;0;0
mof_cst_00019;20.04.2021;20;80;0;0;0;0
mof_cst_00019;23.04.2021;10;90;0;0;0;0
mof_cst_00019;27.04.2021;0;90;10;0;0;0
mof_cst_00019;30.04.2021;0;90;10;0;0;0
mof_cst_00019;04.05.2021;0;80;10;10;0;0
mof_cst_00019;07.05.2021;0;40;30;10;10;10
mof_cst_00019;11.05.2021;0;0;0;0;10;90
mof_cst_00019;14.05.2021;0;0;0;0;0;100
mof_cst_00019;18.05.2021;0;0;0;0;0;100
mof_cst_00019;24.05.2021;0;0;0;0;0;100
mof_cst_00019;01.06.2021;0;0;0;0;0;100
mof_cst_00020;16.03.2021;100;0;0;0;0;0
mof_cst_00020;23.03.2021;100;0;0;0;0;0
mof_cst_00020;30.03.2021;90;10;0;0;0;0
mof_cst_00020;02.04.2021;50;50;0;0;0;0
mof_cst_00020;06.04.2021;50;50;0;0;0;0
mof_cst_00020;13.04.2021;50;50;0;0;0;0
mof_cst_00020;16.04.2021;50;50;0;0;0;0
mof_cst_00020;20.04.2021;40;60;0;0;0;0
mof_cst_00020;23.04.2021;10;90;0;0;0;0
mof_cst_00020;27.04.2021;0;80;20;0;0;0
mof_cst_00020;30.04.2021;0;70;20;10;0;0
mof_cst_00020;04.05.2021;0;70;20;10;0;0
mof_cst_00020;07.05.2021;0;60;30;10;0;0
mof_cst_00020;11.05.2021;0;0;20;40;20;20
mof_cst_00020;14.05.2021;0;0;20;10;10;60
mof_cst_00020;18.05.2021;0;0;0;0;0;100
mof_cst_00020;24.05.2021;0;0;0;0;0;100
mof_cst_00020;01.06.2021;0;0;0;0;0;100
mof_cst_00021;16.03.2021;100;0;0;0;0;0
mof_cst_00021;23.03.2021;100;0;0;0;0;0
mof_cst_00021;30.03.2021;90;10;0;0;0;0
mof_cst_00021;02.04.2021;90;10;0;0;0;0
mof_cst_00021;06.04.2021;90;10;0;0;0;0
mof_cst_00021;13.04.2021;40;60;0;0;0;0
mof_cst_00021;16.04.2021;40;60;0;0;0;0
mof_cst_00021;20.04.2021;10;90;0;0;0;0
mof_cst_00021;23.04.2021;0;90;10;0;0;0
mof_cst_00021;27.04.2021;0;90;10;0;0;0
mof_cst_00021;30.04.2021;0;40;20;20;10;10
mof_cst_00021;04.05.2021;0;30;30;20;10;10
mof_cst_00021;07.05.2021;0;30;30;20;10;10
mof_cst_00021;11.05.2021;0;0;0;10;10;80
mof_cst_00021;14.05.2021;0;0;0;0;0;100
mof_cst_00021;18.05.2021;0;0;0;0;0;100
mof_cst_00021;24.05.2021;0;0;0;0;0;100
mof_cst_00021;01.06.2021;0;0;0;0;0;100
mof_cst_00022;16.03.2021;100;0;0;0;0;0
mof_cst_00022;23.03.2021;100;0;0;0;0;0
mof_cst_00022;30.03.2021;90;10;0;0;0;0
mof_cst_00022;02.04.2021;60;40;0;0;0;0
mof_cst_00022;06.04.2021;60;40;0;0;0;0
mof_cst_00022;13.04.2021;60;40;0;0;0;0
mof_cst_00022;16.04.2021;50;50;0;0;0;0
mof_cst_00022;20.04.2021;40;50;10;0;0;0
mof_cst_00022;23.04.2021;30;30;10;20;10;0
mof_cst_00022;27.04.2021;0;40;20;20;10;10
mof_cst_00022;30.04.2021;0;10;40;30;10;10
mof_cst_00022;04.05.2021;0;10;30;20;20;20
mof_cst_00022;07.05.2021;0;0;20;30;30;20
mof_cst_00022;11.05.2021;0;0;0;0;0;100
mof_cst_00022;14.05.2021;0;0;0;0;0;100
mof_cst_00022;18.05.2021;0;0;0;0;0;100
mof_cst_00022;24.05.2021;0;0;0;0;0;100
mof_cst_00022;01.06.2021;0;0;0;0;0;100
mof_cst_00023;16.03.2021;100;0;0;0;0;0
mof_cst_00023;23.03.2021;100;0;0;0;0;0
mof_cst_00023;30.03.2021;90;10;0;0;0;0
mof_cst_00023;02.04.2021;30;70;0;0;0;0
mof_cst_00023;06.04.2021;30;70;0;0;0;0
mof_cst_00023;13.04.2021;30;70;0;0;0;0
mof_cst_00023;16.04.2021;30;70;0;0;0;0
mof_cst_00023;20.04.2021;20;80;0;0;0;0
mof_cst_00023;23.04.2021;10;90;0;0;0;0
mof_cst_00023;27.04.2021;0;100;0;0;0;0
mof_cst_00023;30.04.2021;0;30;70;0;0;0
mof_cst_00023;04.05.2021;0;30;40;20;10;0
mof_cst_00023;07.05.2021;0;20;50;20;10;0
mof_cst_00023;11.05.2021;0;0;0;0;0;100
mof_cst_00023;14.05.2021;0;0;0;0;0;100
mof_cst_00023;18.05.2021;0;0;0;0;0;100
mof_cst_00023;24.05.2021;0;0;0;0;0;100
mof_cst_00023;01.06.2021;0;0;0;0;0;100
mof_cst_00024;16.03.2021;100;0;0;0;0;0
mof_cst_00024;23.03.2021;100;0;0;0;0;0
mof_cst_00024;30.03.2021;70;30;0;0;0;0
mof_cst_00024;02.04.2021;70;30;0;0;0;0
mof_cst_00024;06.04.2021;70;30;0;0;0;0
mof_cst_00024;13.04.2021;70;30;0;0;0;0
mof_cst_00024;16.04.2021;50;50;0;0;0;0
mof_cst_00024;20.04.2021;10;90;0;0;0;0
mof_cst_00024;23.04.2021;10;90;0;0;0;0
mof_cst_00024;27.04.2021;0;100;0;0;0;0
mof_cst_00024;30.04.2021;0;100;0;0;0;0
mof_cst_00024;04.05.2021;0;50;50;0;0;0
mof_cst_00024;07.05.2021;0;50;50;0;0;0
mof_cst_00024;11.05.2021;0;0;10;20;20;50
mof_cst_00024;14.05.2021;0;0;0;0;10;90
mof_cst_00024;18.05.2021;0;0;0;0;0;100
mof_cst_00024;24.05.2021;0;0;0;0;0;100
mof_cst_00024;01.06.2021;0;0;0;0;0;100
mof_cst_00025;16.03.2021;100;0;0;0;0;0
mof_cst_00025;23.03.2021;100;0;0;0;0;0
mof_cst_00025;30.03.2021;90;10;0;0;0;0
mof_cst_00025;02.04.2021;80;20;0;0;0;0
mof_cst_00025;06.04.2021;50;50;0;0;0;0
mof_cst_00025;13.04.2021;50;50;0;0;0;0
mof_cst_00025;16.04.2021;50;50;0;0;0;0
mof_cst_00025;20.04.2021;20;80;0;0;0;0
mof_cst_00025;23.04.2021;20;80;0;0;0;0
mof_cst_00025;27.04.2021;20;80;0;0;0;0
mof_cst_00025;30.04.2021;10;80;10;0;0;0
mof_cst_00025;04.05.2021;10;20;60;10;0;0
mof_cst_00025;07.05.2021;10;20;60;10;0;0
mof_cst_00025;11.05.2021;0;0;0;10;20;70
mof_cst_00025;14.05.2021;0;0;0;10;20;70
mof_cst_00025;18.05.2021;0;0;0;10;10;80
mof_cst_00025;24.05.2021;0;0;0;0;0;100
mof_cst_00025;01.06.2021;0;0;0;0;0;100
mof_cst_00026;16.03.2021;100;0;0;0;0;0
mof_cst_00026;23.03.2021;100;0;0;0;0;0
mof_cst_00026;30.03.2021;90;10;0;0;0;0
mof_cst_00026;02.04.2021;90;10;0;0;0;0
mof_cst_00026;06.04.2021;90;10;0;0;0;0
mof_cst_00026;13.04.2021;90;10;0;0;0;0
mof_cst_00026;16.04.2021;80;20;0;0;0;0
mof_cst_00026;20.04.2021;60;40;0;0;0;0
mof_cst_00026;23.04.2021;10;90;0;0;0;0
mof_cst_00026;27.04.2021;0;50;40;10;0;0
mof_cst_00026;30.04.2021;0;20;50;20;10;0
mof_cst_00026;04.05.2021;0;10;50;20;10;10
mof_cst_00026;07.05.2021;0;10;30;40;10;10
mof_cst_00026;11.05.2021;0;0;0;10;10;80
mof_cst_00026;14.05.2021;0;0;0;0;10;90
mof_cst_00026;18.05.2021;0;0;0;0;0;100
mof_cst_00026;24.05.2021;0;0;0;0;0;100
mof_cst_00026;01.06.2021;0;0;0;0;0;100
mof_cst_00027;16.03.2021;100;0;0;0;0;0
mof_cst_00027;23.03.2021;100;0;0;0;0;0
mof_cst_00027;30.03.2021;100;0;0;0;0;0
mof_cst_00027;02.04.2021;90;10;0;0;0;0
mof_cst_00027;06.04.2021;90;10;0;0;0;0
mof_cst_00027;13.04.2021;90;10;0;0;0;0
mof_cst_00027;16.04.2021;80;20;0;0;0;0
mof_cst_00027;20.04.2021;40;60;0;0;0;0
mof_cst_00027;23.04.2021;20;80;0;0;0;0
mof_cst_00027;27.04.2021;0;90;10;0;0;0
mof_cst_00027;30.04.2021;0;70;20;10;0;0
mof_cst_00027;04.05.2021;0;40;30;20;10;0
mof_cst_00027;07.05.2021;0;30;30;20;10;10
mof_cst_00027;11.05.2021;0;0;0;10;20;70
mof_cst_00027;14.05.2021;0;0;0;10;10;80
mof_cst_00027;18.05.2021;0;0;0;0;0;100
mof_cst_00027;24.05.2021;0;0;0;0;0;100
mof_cst_00027;01.06.2021;0;0;0;0;0;100
mof_cst_00028;16.03.2021;100;0;0;0;0;0
mof_cst_00028;23.03.2021;100;0;0;0;0;0
mof_cst_00028;30.03.2021;80;20;0;0;0;0
mof_cst_00028;02.04.2021;30;70;0;0;0;0
mof_cst_00028;06.04.2021;30;70;0;0;0;0
mof_cst_00028;13.04.2021;30;70;0;0;0;0
mof_cst_00028;16.04.2021;20;70;10;0;0;0
mof_cst_00028;20.04.2021;10;80;10;0;0;0
mof_cst_00028;23.04.2021;10;70;20;0;0;0
mof_cst_00028;27.04.2021;10;60;30;0;0;0
mof_cst_00028;30.04.2021;0;20;40;30;10;0
mof_cst_00028;04.05.2021;0;10;30;30;20;10
mof_cst_00028;07.05.2021;0;10;20;30;30;10
mof_cst_00028;11.05.2021;0;0;0;10;10;80
mof_cst_00028;14.05.2021;0;0;0;0;0;100
mof_cst_00028;18.05.2021;0;0;0;0;0;100
mof_cst_00028;24.05.2021;0;0;0;0;0;100
mof_cst_00028;01.06.2021;0;0;0;0;0;100
mof_cst_00029;16.03.2021;100;0;0;0;0;0
mof_cst_00029;23.03.2021;100;0;0;0;0;0
mof_cst_00029;30.03.2021;100;0;0;0;0;0
mof_cst_00029;02.04.2021;90;10;0;0;0;0
mof_cst_00029;06.04.2021;90;10;0;0;0;0
mof_cst_00029;13.04.2021;90;10;0;0;0;0
mof_cst_00029;16.04.2021;90;10;0;0;0;0
mof_cst_00029;20.04.2021;60;40;0;0;0;0
mof_cst_00029;23.04.2021;0;90;10;0;0;0
mof_cst_00029;27.04.2021;0;90;10;0;0;0
mof_cst_00029;30.04.2021;0;20;60;20;0;0
mof_cst_00029;04.05.2021;0;20;40;20;10;10
mof_cst_00029;07.05.2021;0;10;40;30;10;10
mof_cst_00029;11.05.2021;0;0;0;0;10;90
mof_cst_00029;14.05.2021;0;0;0;0;0;100
mof_cst_00029;18.05.2021;0;0;0;0;0;100
mof_cst_00029;24.05.2021;0;0;0;0;0;100
mof_cst_00029;01.06.2021;0;0;0;0;0;100
mof_cst_00030;16.03.2021;100;0;0;0;0;0
mof_cst_00030;23.03.2021;100;0;0;0;0;0
mof_cst_00030;30.03.2021;100;0;0;0;0;0
mof_cst_00030;02.04.2021;90;10;0;0;0;0
mof_cst_00030;06.04.2021;90;10;0;0;0;0
mof_cst_00030;13.04.2021;90;10;0;0;0;0
mof_cst_00030;16.04.2021;50;50;0;0;0;0
mof_cst_00030;20.04.2021;20;80;0;0;0;0
mof_cst_00030;23.04.2021;0;100;0;0;0;0
mof_cst_00030;27.04.2021;0;90;10;0;0;0
mof_cst_00030;30.04.2021;0;80;20;0;0;0
mof_cst_00030;04.05.2021;0;10;20;40;20;10
mof_cst_00030;07.05.2021;0;10;10;40;20;20
mof_cst_00030;11.05.2021;0;0;0;10;10;80
mof_cst_00030;14.05.2021;0;0;0;0;0;100
mof_cst_00030;18.05.2021;0;0;0;0;0;100
mof_cst_00030;24.05.2021;0;0;0;0;0;100
mof_cst_00030;01.06.2021;0;0;0;0;0;100
mof_cst_00031;16.03.2021;100;0;0;0;0;0
mof_cst_00031;23.03.2021;100;0;0;0;0;0
mof_cst_00031;30.03.2021;80;20;0;0;0;0
mof_cst_00031;02.04.2021;20;80;0;0;0;0
mof_cst_00031;06.04.2021;20;80;0;0;0;0
mof_cst_00031;13.04.2021;10;90;0;0;0;0
mof_cst_00031;16.04.2021;10;90;0;0;0;0
mof_cst_00031;20.04.2021;10;80;10;0;0;0
mof_cst_00031;23.04.2021;10;80;10;0;0;0
mof_cst_00031;27.04.2021;10;70;20;0;0;0
mof_cst_00031;30.04.2021;10;70;20;0;0;0
mof_cst_00031;04.05.2021;10;40;30;10;10;0
mof_cst_00031;07.05.2021;0;20;40;20;10;10
mof_cst_00031;11.05.2021;0;0;0;0;0;100
mof_cst_00031;14.05.2021;0;0;0;0;0;100
mof_cst_00031;18.05.2021;0;0;0;0;0;100
mof_cst_00031;24.05.2021;0;0;0;0;0;100
mof_cst_00031;01.06.2021;0;0;0;0;0;100
mof_cst_00032;16.03.2021;100;0;0;0;0;0
mof_cst_00032;23.03.2021;100;0;0;0;0;0
mof_cst_00032;30.03.2021;90;10;0;0;0;0
mof_cst_00032;02.04.2021;90;10;0;0;0;0
mof_cst_00032;06.04.2021;70;30;0;0;0;0
mof_cst_00032;13.04.2021;70;30;0;0;0;0
mof_cst_00032;16.04.2021;70;30;0;0;0;0
mof_cst_00032;20.04.2021;20;80;0;0;0;0
mof_cst_00032;23.04.2021;20;80;0;0;0;0
mof_cst_00032;27.04.2021;10;80;10;0;0;0
mof_cst_00032;30.04.2021;10;40;40;10;0;0
mof_cst_00032;04.05.2021;10;30;40;10;10;0
mof_cst_00032;07.05.2021;0;10;30;30;30;0
mof_cst_00032;11.05.2021;0;0;0;0;10;90
mof_cst_00032;14.05.2021;0;0;0;0;0;100
mof_cst_00032;18.05.2021;0;0;0;0;0;100
mof_cst_00032;24.05.2021;0;0;0;0;0;100
mof_cst_00032;01.06.2021;0;0;0;0;0;100
mof_cst_00033;16.03.2021;100;0;0;0;0;0
mof_cst_00033;23.03.2021;100;0;0;0;0;0
mof_cst_00033;30.03.2021;100;0;0;0;0;0
mof_cst_00033;02.04.2021;100;0;0;0;0;0
mof_cst_00033;06.04.2021;100;0;0;0;0;0
mof_cst_00033;13.04.2021;80;20;0;0;0;0
mof_cst_00033;16.04.2021;80;20;0;0;0;0
mof_cst_00033;20.04.2021;30;70;0;0;0;0
mof_cst_00033;23.04.2021;20;80;0;0;0;0
mof_cst_00033;27.04.2021;20;80;0;0;0;0
mof_cst_00033;30.04.2021;20;70;10;0;0;0
mof_cst_00033;04.05.2021;20;70;10;0;0;0
mof_cst_00033;07.05.2021;10;80;10;0;0;0
mof_cst_00033;11.05.2021;0;0;0;10;10;80
mof_cst_00033;14.05.2021;0;0;0;0;0;100
mof_cst_00033;18.05.2021;0;0;0;0;0;100
mof_cst_00033;24.05.2021;0;0;0;0;0;100
mof_cst_00033;01.06.2021;0;0;0;0;0;100
mof_cst_00034;16.03.2021;100;0;0;0;0;0
mof_cst_00034;23.03.2021;100;0;0;0;0;0
mof_cst_00034;30.03.2021;90;10;0;0;0;0
mof_cst_00034;02.04.2021;30;70;0;0;0;0
mof_cst_00034;06.04.2021;20;80;0;0;0;0
mof_cst_00034;13.04.2021;20;80;0;0;0;0
mof_cst_00034;16.04.2021;20;80;0;0;0;0
mof_cst_00034;20.04.2021;20;80;0;0;0;0
mof_cst_00034;23.04.2021;10;90;0;0;0;0
mof_cst_00034;27.04.2021;0;90;10;0;0;0
mof_cst_00034;30.04.2021;0;50;50;0;0;0
mof_cst_00034;04.05.2021;0;30;70;0;0;0
mof_cst_00034;07.05.2021;0;30;70;0;0;0
mof_cst_00034;11.05.2021;0;0;0;10;10;80
mof_cst_00034;14.05.2021;0;0;0;0;0;100
mof_cst_00034;18.05.2021;0;0;0;0;0;100
mof_cst_00034;24.05.2021;0;0;0;0;0;100
mof_cst_00034;01.06.2021;0;0;0;0;0;100
mof_cst_00035;16.03.2021;100;0;0;0;0;0
mof_cst_00035;23.03.2021;90;10;0;0;0;0
mof_cst_00035;30.03.2021;50;50;0;0;0;0
mof_cst_00035;02.04.2021;20;80;0;0;0;0
mof_cst_00035;06.04.2021;20;80;0;0;0;0
mof_cst_00035;13.04.2021;20;80;0;0;0;0
mof_cst_00035;16.04.2021;10;90;0;0;0;0
mof_cst_00035;20.04.2021;10;90;0;0;0;0
mof_cst_00035;23.04.2021;0;100;0;0;0;0
mof_cst_00035;27.04.2021;0;90;10;0;0;0
mof_cst_00035;30.04.2021;0;100;0;0;0;0
mof_cst_00035;04.05.2021;0;50;30;20;0;0
mof_cst_00035;07.05.2021;0;10;40;20;20;10
mof_cst_00035;11.05.2021;0;0;0;0;10;90
mof_cst_00035;14.05.2021;0;0;0;0;0;100
mof_cst_00035;18.05.2021;0;0;0;0;0;100
mof_cst_00035;24.05.2021;0;0;0;0;0;100
mof_cst_00035;01.06.2021;0;0;0;0;0;100
mof_cst_00036;16.03.2021;100;0;0;0;0;0
mof_cst_00036;23.03.2021;100;0;0;0;0;0
mof_cst_00036;30.03.2021;100;0;0;0;0;0
mof_cst_00036;02.04.2021;100;0;0;0;0;0
mof_cst_00036;06.04.2021;90;10;0;0;0;0
mof_cst_00036;13.04.2021;80;20;0;0;0;0
mof_cst_00036;16.04.2021;50;50;0;0;0;0
mof_cst_00036;20.04.2021;40;60;0;0;0;0
mof_cst_00036;23.04.2021;20;80;0;0;0;0
mof_cst_00036;27.04.2021;10;90;0;0;0;0
mof_cst_00036;30.04.2021;10;40;40;10;0;0
mof_cst_00036;04.05.2021;10;40;40;10;0;0
mof_cst_00036;07.05.2021;10;40;40;10;0;0
mof_cst_00036;11.05.2021;0;0;10;50;30;10
mof_cst_00036;14.05.2021;0;0;10;10;10;70
mof_cst_00036;18.05.2021;0;0;0;0;0;100
mof_cst_00036;24.05.2021;0;0;0;0;0;100
mof_cst_00036;01.06.2021;0;0;0;0;0;100
mof_cst_00037;16.03.2021;100;0;0;0;0;0
mof_cst_00037;23.03.2021;90;10;0;0;0;0
mof_cst_00037;30.03.2021;40;60;0;0;0;0
mof_cst_00037;02.04.2021;20;80;0;0;0;0
mof_cst_00037;06.04.2021;20;80;0;0;0;0
mof_cst_00037;13.04.2021;10;90;0;0;0;0
mof_cst_00037;16.04.2021;0;90;10;0;0;0
mof_cst_00037;20.04.2021;0;100;0;0;0;0
mof_cst_00037;23.04.2021;0;90;10;0;0;0
mof_cst_00037;27.04.2021;0;90;10;0;0;0
mof_cst_00037;30.04.2021;0;90;10;0;0;0
mof_cst_00037;04.05.2021;0;10;50;10;20;10
mof_cst_00037;07.05.2021;0;10;40;20;20;10
mof_cst_00037;11.05.2021;0;0;0;0;0;100
mof_cst_00037;14.05.2021;0;0;0;0;0;100
mof_cst_00037;18.05.2021;0;0;0;0;0;100
mof_cst_00037;24.05.2021;0;0;0;0;0;100
mof_cst_00037;01.06.2021;0;0;0;0;0;100
mof_cst_00038;16.03.2021;100;0;0;0;0;0
mof_cst_00038;23.03.2021;90;10;0;0;0;0
mof_cst_00038;30.03.2021;80;20;0;0;0;0
mof_cst_00038;02.04.2021;50;50;0;0;0;0
mof_cst_00038;06.04.2021;50;50;0;0;0;0
mof_cst_00038;13.04.2021;10;90;0;0;0;0
mof_cst_00038;16.04.2021;10;90;0;0;0;0
mof_cst_00038;20.04.2021;10;90;0;0;0;0
mof_cst_00038;23.04.2021;10;80;10;0;0;0
mof_cst_00038;27.04.2021;0;80;20;0;0;0
mof_cst_00038;30.04.2021;0;70;20;10;0;0
mof_cst_00038;04.05.2021;0;20;30;20;20;10
mof_cst_00038;07.05.2021;0;0;50;20;10;20
mof_cst_00038;11.05.2021;0;0;0;0;0;100
mof_cst_00038;14.05.2021;0;0;0;0;0;100
mof_cst_00038;18.05.2021;0;0;0;0;0;100
mof_cst_00038;24.05.2021;0;0;0;0;0;100
mof_cst_00038;01.06.2021;0;0;0;0;0;100
mof_cst_00039;16.03.2021;100;0;0;0;0;0
mof_cst_00039;23.03.2021;100;0;0;0;0;0
mof_cst_00039;30.03.2021;100;0;0;0;0;0
mof_cst_00039;02.04.2021;90;10;0;0;0;0
mof_cst_00039;06.04.2021;50;50;0;0;0;0
mof_cst_00039;13.04.2021;50;50;0;0;0;0
mof_cst_00039;16.04.2021;50;50;0;0;0;0
mof_cst_00039;20.04.2021;20;80;0;0;0;0
mof_cst_00039;23.04.2021;10;90;0;0;0;0
mof_cst_00039;27.04.2021;10;80;10;0;0;0
mof_cst_00039;30.04.2021;10;80;10;0;0;0
mof_cst_00039;04.05.2021;20;60;20;0;0;0
mof_cst_00039;07.05.2021;20;40;30;10;0;0
mof_cst_00039;11.05.2021;0;0;0;20;40;40
mof_cst_00039;14.05.2021;0;0;0;0;10;90
mof_cst_00039;18.05.2021;0;0;0;0;0;100
mof_cst_00039;24.05.2021;0;0;0;0;0;100
mof_cst_00039;01.06.2021;0;0;0;0;0;100
mof_cst_00040;16.03.2021;100;0;0;0;0;0
mof_cst_00040;23.03.2021;100;0;0;0;0;0
mof_cst_00040;30.03.2021;100;0;0;0;0;0
mof_cst_00040;02.04.2021;90;10;0;0;0;0
mof_cst_00040;06.04.2021;90;10;0;0;0;0
mof_cst_00040;13.04.2021;90;10;0;0;0;0
mof_cst_00040;16.04.2021;80;20;0;0;0;0
mof_cst_00040;20.04.2021;40;60;0;0;0;0
mof_cst_00040;23.04.2021;10;90;0;0;0;0
mof_cst_00040;27.04.2021;10;90;0;0;0;0
mof_cst_00040;30.04.2021;10;80;10;0;0;0
mof_cst_00040;04.05.2021;10;80;10;0;0;0
mof_cst_00040;07.05.2021;10;80;10;0;0;0
mof_cst_00040;11.05.2021;0;0;0;10;10;80
mof_cst_00040;14.05.2021;0;0;0;0;0;100
mof_cst_00040;18.05.2021;0;0;0;0;0;100
mof_cst_00040;24.05.2021;0;0;0;0;0;100
mof_cst_00040;01.06.2021;0;0;0;0;0;100
mof_cst_00041;16.03.2021;100;0;0;0;0;0
mof_cst_00041;23.03.2021;100;0;0;0;0;0
mof_cst_00041;30.03.2021;90;10;0;0;0;0
mof_cst_00041;02.04.2021;90;10;0;0;0;0
mof_cst_00041;06.04.2021;90;10;0;0;0;0
mof_cst_00041;13.04.2021;80;20;0;0;0;0
mof_cst_00041;16.04.2021;70;30;0;0;0;0
mof_cst_00041;20.04.2021;30;70;0;0;0;0
mof_cst_00041;23.04.2021;10;90;0;0;0;0
mof_cst_00041;27.04.2021;0;100;0;0;0;0
mof_cst_00041;30.04.2021;0;90;10;0;0;0
mof_cst_00041;04.05.2021;0;30;70;0;0;0
mof_cst_00041;07.05.2021;0;30;30;10;20;10
mof_cst_00041;11.05.2021;0;0;0;10;10;80
mof_cst_00041;14.05.2021;0;0;0;0;0;100
mof_cst_00041;18.05.2021;0;0;0;0;0;100
mof_cst_00041;24.05.2021;0;0;0;0;0;100
mof_cst_00041;01.06.2021;0;0;0;0;0;100
mof_cst_00042;16.03.2021;100;0;0;0;0;0
mof_cst_00042;23.03.2021;100;0;0;0;0;0
mof_cst_00042;30.03.2021;90;10;0;0;0;0
mof_cst_00042;02.04.2021;40;60;0;0;0;0
mof_cst_00042;06.04.2021;40;60;0;0;0;0
mof_cst_00042;13.04.2021;40;60;0;0;0;0
mof_cst_00042;16.04.2021;20;70;10;0;0;0
mof_cst_00042;20.04.2021;10;80;10;0;0;0
mof_cst_00042;23.04.2021;0;80;20;0;0;0
mof_cst_00042;27.04.2021;0;80;20;0;0;0
mof_cst_00042;30.04.2021;0;30;50;10;10;0
mof_cst_00042;04.05.2021;0;10;50;20;10;10
mof_cst_00042;07.05.2021;0;10;10;40;20;20
mof_cst_00042;11.05.2021;0;0;0;0;10;90
mof_cst_00042;14.05.2021;0;0;0;0;0;100
mof_cst_00042;18.05.2021;0;0;0;0;0;100
mof_cst_00042;24.05.2021;0;0;0;0;0;100
mof_cst_00042;01.06.2021;0;0;0;0;0;100
mof_cst_00043;16.03.2021;100;0;0;0;0;0
mof_cst_00043;23.03.2021;100;0;0;0;0;0
mof_cst_00043;30.03.2021;100;0;0;0;0;0
mof_cst_00043;02.04.2021;100;0;0;0;0;0
mof_cst_00043;06.04.2021;100;0;0;0;0;0
mof_cst_00043;13.04.2021;90;10;0;0;0;0
mof_cst_00043;16.04.2021;90;10;0;0;0;0
mof_cst_00043;20.04.2021;70;30;0;0;0;0
mof_cst_00043;23.04.2021;10;90;0;0;0;0
mof_cst_00043;27.04.2021;10;90;0;0;0;0
mof_cst_00043;30.04.2021;0;80;20;0;0;0
mof_cst_00043;04.05.2021;0;40;50;10;0;0
mof_cst_00043;07.05.2021;0;30;40;10;10;10
mof_cst_00043;11.05.2021;0;0;10;40;30;20
mof_cst_00043;14.05.2021;0;0;0;0;0;100
mof_cst_00043;18.05.2021;0;0;0;0;0;100
mof_cst_00043;24.05.2021;0;0;0;0;0;100
mof_cst_00043;01.06.2021;0;0;0;0;0;100
mof_cst_00044;16.03.2021;100;0;0;0;0;0
mof_cst_00044;23.03.2021;100;0;0;0;0;0
mof_cst_00044;30.03.2021;100;0;0;0;0;0
mof_cst_00044;02.04.2021;100;0;0;0;0;0
mof_cst_00044;06.04.2021;100;0;0;0;0;0
mof_cst_00044;13.04.2021;100;0;0;0;0;0
mof_cst_00044;16.04.2021;100;0;0;0;0;0
mof_cst_00044;20.04.2021;100;0;0;0;0;0
mof_cst_00044;23.04.2021;100;0;0;0;0;0
mof_cst_00044;27.04.2021;100;0;0;0;0;0
mof_cst_00044;30.04.2021;100;0;0;0;0;0
mof_cst_00044;04.05.2021;100;0;0;0;0;0
mof_cst_00044;07.05.2021;100;0;0;0;0;0
mof_cst_00044;11.05.2021;100;0;0;0;0;0
mof_cst_00044;14.05.2021;100;0;0;0;0;0
mof_cst_00044;18.05.2021;100;0;0;0;0;0
mof_cst_00044;24.05.2021;100;0;0;0;0;0
mof_cst_00044;01.06.2021;100;0;0;0;0;0
mof_cst_00045;16.03.2021;100;0;0;0;0;0
mof_cst_00045;23.03.2021;100;0;0;0;0;0
mof_cst_00045;30.03.2021;100;0;0;0;0;0
mof_cst_00045;02.04.2021;80;20;0;0;0;0
mof_cst_00045;06.04.2021;80;20;0;0;0;0
mof_cst_00045;13.04.2021;80;20;0;0;0;0
mof_cst_00045;16.04.2021;80;20;0;0;0;0
mof_cst_00045;20.04.2021;60;40;0;0;0;0
mof_cst_00045;23.04.2021;40;60;0;0;0;0
mof_cst_00045;27.04.2021;30;70;0;0;0;0
mof_cst_00045;30.04.2021;20;70;10;0;0;0
mof_cst_00045;04.05.2021;10;60;30;0;0;0
mof_cst_00045;07.05.2021;10;20;70;0;0;0
mof_cst_00045;11.05.2021;0;0;10;40;20;30
mof_cst_00045;14.05.2021;0;0;0;0;20;80
mof_cst_00045;18.05.2021;0;0;0;0;0;100
mof_cst_00045;24.05.2021;0;0;0;0;0;100
mof_cst_00045;01.06.2021;0;0;0;0;0;100
mof_cst_00046;16.03.2021;100;0;0;0;0;0
mof_cst_00046;23.03.2021;100;0;0;0;0;0
mof_cst_00046;30.03.2021;100;0;0;0;0;0
mof_cst_00046;02.04.2021;100;0;0;0;0;0
mof_cst_00046;06.04.2021;100;0;0;0;0;0
mof_cst_00046;13.04.2021;100;0;0;0;0;0
mof_cst_00046;16.04.2021;80;20;0;0;0;0
mof_cst_00046;20.04.2021;20;80;0;0;0;0
mof_cst_00046;23.04.2021;10;90;0;0;0;0
mof_cst_00046;27.04.2021;0;80;20;0;0;0
mof_cst_00046;30.04.2021;0;80;20;0;0;0
mof_cst_00046;04.05.2021;0;30;70;0;0;0
mof_cst_00046;07.05.2021;0;30;70;0;0;0
mof_cst_00046;11.05.2021;0;0;0;0;10;90
mof_cst_00046;14.05.2021;0;0;0;0;0;100
mof_cst_00046;18.05.2021;0;0;0;0;0;100
mof_cst_00046;24.05.2021;0;0;0;0;0;100
mof_cst_00046;01.06.2021;0;0;0;0;0;100
mof_cst_00047;16.03.2021;90;10;0;0;0;0
mof_cst_00047;23.03.2021;80;20;0;0;0;0
mof_cst_00047;30.03.2021;60;40;0;0;0;0
mof_cst_00047;02.04.2021;50;50;0;0;0;0
mof_cst_00047;06.04.2021;50;50;0;0;0;0
mof_cst_00047;13.04.2021;50;50;0;0;0;0
mof_cst_00047;16.04.2021;20;80;0;0;0;0
mof_cst_00047;20.04.2021;10;90;0;0;0;0
mof_cst_00047;23.04.2021;0;70;30;0;0;0
mof_cst_00047;27.04.2021;0;50;50;0;0;0
mof_cst_00047;30.04.2021;0;20;50;20;10;0
mof_cst_00047;04.05.2021;0;20;30;20;20;10
mof_cst_00047;07.05.2021;0;10;10;30;40;10
mof_cst_00047;11.05.2021;0;0;0;0;10;90
mof_cst_00047;14.05.2021;0;0;0;0;0;100
mof_cst_00047;18.05.2021;0;0;0;0;0;100
mof_cst_00047;24.05.2021;0;0;0;0;0;100
mof_cst_00047;01.06.2021;0;0;0;0;0;100
mof_cst_00048;16.03.2021;100;0;0;0;0;0
mof_cst_00048;23.03.2021;100;0;0;0;0;0
mof_cst_00048;30.03.2021;100;0;0;0;0;0
mof_cst_00048;02.04.2021;100;0;0;0;0;0
mof_cst_00048;06.04.2021;90;10;0;0;0;0
mof_cst_00048;13.04.2021;80;20;0;0;0;0
mof_cst_00048;16.04.2021;80;20;0;0;0;0
mof_cst_00048;20.04.2021;40;60;0;0;0;0
mof_cst_00048;23.04.2021;10;80;10;0;0;0
mof_cst_00048;27.04.2021;10;80;10;0;0;0
mof_cst_00048;30.04.2021;10;40;30;20;0;0
mof_cst_00048;04.05.2021;10;40;30;20;0;0
mof_cst_00048;07.05.2021;10;40;30;20;0;0
mof_cst_00048;11.05.2021;0;0;0;0;20;80
mof_cst_00048;14.05.2021;0;0;0;0;0;100
mof_cst_00048;18.05.2021;0;0;0;0;0;100
mof_cst_00048;24.05.2021;0;0;0;0;0;100
mof_cst_00048;01.06.2021;0;0;0;0;0;100
mof_cst_00049;16.03.2021;100;0;0;0;0;0
mof_cst_00049;23.03.2021;100;0;0;0;0;0
mof_cst_00049;30.03.2021;90;10;0;0;0;0
mof_cst_00049;02.04.2021;70;30;0;0;0;0
mof_cst_00049;06.04.2021;70;30;0;0;0;0
mof_cst_00049;13.04.2021;50;50;0;0;0;0
mof_cst_00049;16.04.2021;50;50;0;0;0;0
mof_cst_00049;20.04.2021;30;70;0;0;0;0
mof_cst_00049;23.04.2021;20;80;0;0;0;0
mof_cst_00049;27.04.2021;10;90;0;0;0;0
mof_cst_00049;30.04.2021;10;90;0;0;0;0
mof_cst_00049;04.05.2021;0;30;60;10;0;0
mof_cst_00049;07.05.2021;0;40;30;10;10;10
mof_cst_00049;11.05.2021;0;0;0;10;10;80
mof_cst_00049;14.05.2021;0;0;0;0;0;100
mof_cst_00049;18.05.2021;0;0;0;0;0;100
mof_cst_00049;24.05.2021;0;0;0;0;0;100
mof_cst_00049;01.06.2021;0;0;0;0;0;100
mof_cst_00050;16.03.2021;100;0;0;0;0;0
mof_cst_00050;23.03.2021;100;0;0;0;0;0
mof_cst_00050;30.03.2021;100;0;0;0;0;0
mof_cst_00050;02.04.2021;90;10;0;0;0;0
mof_cst_00050;06.04.2021;90;10;0;0;0;0
mof_cst_00050;13.04.2021;90;10;0;0;0;0
mof_cst_00050;16.04.2021;80;20;0;0;0;0
mof_cst_00050;20.04.2021;70;30;0;0;0;0
mof_cst_00050;23.04.2021;50;50;0;0;0;0
mof_cst_00050;27.04.2021;50;50;0;0;0;0
mof_cst_00050;30.04.2021;10;60;30;0;0;0
mof_cst_00050;04.05.2021;0;20;40;20;10;10
mof_cst_00050;07.05.2021;0;20;30;30;10;10
mof_cst_00050;11.05.2021;0;0;0;10;10;80
mof_cst_00050;14.05.2021;0;0;0;0;0;100
mof_cst_00050;18.05.2021;0;0;0;0;0;100
mof_cst_00050;24.05.2021;0;0;0;0;0;100
mof_cst_00050;01.06.2021;0;0;0;0;0;100
