Tree,GF_Bu,GF_Ei,GF_Dou,GF_Fi,GF_Lae,GF_Es,GF_Hb,GF_Er,GF_SaWei,GF_Ulm,GF_MeBe,GF_SpAh,GF_Gesamt,Pro_Bu,Pro_Ei,Pro_Dou,Pro_Fi,Pro_Lae,Pro_Es,Pro_Hb,Pro_Er,Pro_SaWei,Pro_Ulm,Pro_MeBe,Pro_SpAh,Kraft_Class,Vitality_19,Vitality_20,Defoliation_20,Vitality_21,Defoliation_21,Fruits_Sep_21,Height,Height of first branch,Height of beginning canopy,Canopy length,Fruits_Okt_19,Fruits_Dez_19,Fruits_19,Fruits_Sep_20,Fruits_Dez_20,Fruits_20,FL_19_KW45,FL_19_KW46,FL_19_KW47,FL_19_KW49,FL_19_KW51,FL_20_KW_38,FL_20_KW_39,FL_20_KW_40,FL_20_KW_41,FL_20_KW_42,FL_20_KW_43,FL_20_KW_44,FL_20_KW_45,FL_20_KW_46,FL_20_KW_47,FL_20_KW_48,FL_20_KW_50,FL_20_KW_52,Date_Harvest_Aug_19,Fruits_N_Aug_19,Dryweight_N_Aug_19,Leaf_Area_N_Aug_19,SLA_N_Aug_19,Herb_Area_N_Aug_19,Herb_Perc_N_Aug_19,Chl_N_Aug_19,Chl_SD_N_Aug_19,Flav_N_Aug_19,Flav_SD_N_Aug_19,Anth_N_Aug_19,Anth_SD_N_Aug_19,NBI_N_Aug_19,NBI_SD_N_Aug_19,Sample_Height_N_Aug_19,Fruits_S_Aug_19,Dryweight_S_Aug_19,Leaf_Area_S_Aug_19,SLA_S_Aug_19,Herb_Area_S_Aug_19,Herb_Perc_S_Aug_19,Chl_S_Aug_19,Chl_SD_S_Aug_19,Flav_S_Aug_19,Flav_SD_S_Aug_19,Anth_S_Aug_19,Anth_SD_S_Aug_19,NBI_S_Aug_19,NBI_SD_S_Aug_19,Sample_Height_S_Aug_19,d_13C_12C_N_Aug_19,d_15N_14N_N_Aug_19,PerC_N_Aug_19,PerN_N_Aug_19,d_13C_12C_S_Aug_19,d_15N_14N_S_Aug_19,PerC_S_Aug_19,PerN_S_Aug_19,Date_Harvest_May_20,Sample_Height_N_May_20,Fruits_N_May_20,Dry_weight_N_May_20,Leaf_Area_N_May_20,SLA_N_May_20,Herb_Area_N_May_20,Herb_Perc_N_May_20,Chl_N_May_20,Chl_sd_N_May_20,Flav_N_May_20,Flav_sd_N_May_20,Anth_N_May_20,Anth_sd_N_May_20,NBI_N_May_20,NBI_sd_N_May_20,d 13C/12C_N_May_20,d 15N/14N_N_May_20,%C_N_May_20,%N_N_May_20,Sample_Height_S_May_20,Fruits_S_May_20,Dry_weight_S_May_20,Leaf_Area_S_May_20,SLA_S_May_20,Herb_Area_S_May_20,Herb_Perc_S_May_20,Chl_S_May_20,Chl_sd_S_May_20,Flav_S_May_20,Flav_sd_S_May_20,Anth_S_May_20,Anth_sd_S_May_20,NBI_S_May_20,NBI_sd_S_May_20,d 13C/12C_S_May_20,d 15N/14N_S_May_20,%C_S_May_20,%N_S_May_20,Harvest_Date_N_Jul_20,Sample_height_N_Jul_20,Fruits_N_Jul_20,Fresh_Weight_N_Jul_20,Dry_weight_N_Jul_20,Leaf_Moisture_N_Jul_20,Leaf_Area_N_Jul_20,SLA_N_Jul_20,Herb_Area_N_Jul_20,Herb_Perc_N_Jul_20,Stomatal_Density_N_Jul_20,Chl_N_Jul_20,Chl_sd_N_Jul_20,Flav_N_Jul_20,Flav_sd_N_Jul_20,Anth_N_Jul_20,Anth_sd_N_Jul_20,NBI_N_Jul_20,NBI_sd_N_Jul_20,d 13C/12C_N_Jul_20,d 15N/14N_N_Jul_20,%C_N_Jul_20,%N_N_Jul_20,Sample_height_S_Jul_20,Fruits_S_Jul_20,Fresh_Weight_S_Jul_20,Dry_weight_S_Jul_20,Leaf_Moisture_S_Jul_20,Leaf_Area_S_Jul_20,SLA_S_Jul_20,Herb_Area_S_Jul_20,Herb_Perc_S_Jul_20,Stomatal_Density_S_Jul_20,Chl_S_Jul_20,Chl_sd_S_Jul_20,Flav_S_Jul_20,Flav_sd_S_Jul_20,Anth_S_Jul_20,Anth_sd_S_Jul_20,NBI_S_Jul_20,NBI_sd_S_Jul_20,d 13C/12C_S_Jul_20,d 15N/14N_S_Jul_20,%C_S_Jul_20,%N_S_Jul_20,DBH_20,TWI,Deadwood,Hegyi_1,Hegyi_3,Hegyi_5
mof_cst_00001,8.50,2.00,0.00,0.00,0.00,0.00,0.00,0.00,0.00,0.00,0.00,0.00,10.50,80.95,19.05,0.00,0.00,0.00,0.00,0.00,0.00,0.00,0.00,0.00,0.00,2,1.5,2.5,60,2,40,98,29.9,3,3,26.9,84,91,88,52,59,55,0.95,0.95,1.00,1.00,1.00,0.10,0.20,0.25,0.25,0.25,0.50,0.90,1.00,1.00,1.00,1.00,1.00,1.00,12.8.,0,2.05,466.322,227.474146341463,,,24.766,2.271,0.748,0.126,0.135,0.016,33.978,6.141,5,7,1.92,196.8473,102.524635416667,,,24.785,2.54,1.619,0.173,0.184,0.031,15.436,2.086,27,-30.65,-6.64,44.84,1.49,-28.6097298014287,-6.0068734072,43.4720831907825,1.60391442531027,12/05/2020,5,0,0.96,376.3179,391.9978125,0.2927,0.077779983359814,18.9565,1.01217820675127,0.5425,0.078345743697763,0.1716,0.011692352676477,35.557,5.1969351010422,-30.23,-6.99,48.93,2.10,27.9,0,1.84,233.6949,127.008097826087,0.3502,0.149853505575004,12.93,1.527,1.672,0.078,0.302,0.041,7.716,0.618,-27.95,-6.86,49.30,1.54,13/07/2020,3,0,5.05,2.44,106.967213114754,558.54095,228.910225409836,4.789,0.857412513800465,133.723987679363,30.1305,1.1888,0.7625,0.0510,0.0963,0.0094,39.6110,2.0047,-31.18,-7.26,45.30,1.78,28.4,0,4.07,2.24,81.6964285714286,175.4743,78.3367410714286,3.5597,2.02861615632603,154.007963338592,17.6011,2.3127,1.7311,0.0495,0.2799,0.0228,10.1580,1.2414,-28.28,-6.14,49.27,1.06,52.8394411065093,5.02526726228828,32429,0.068363341004467,0.193597415130885,0.321709864930082
mof_cst_00002,11.50,1.25,0.00,0.00,0.00,0.00,0.00,0.00,0.00,0.00,0.00,0.00,12.75,90.20,9.80,0.00,0.00,0.00,0.00,0.00,0.00,0.00,0.00,0.00,0.00,2,2.5,3,70,3,75,20,32.7,9.8,9.8,22.9,60,79,69,63,69,66,0.85,0.90,0.90,0.95,1.00,0.35,0.40,0.45,0.50,0.50,0.60,0.65,0.75,0.85,0.95,0.95,0.95,0.95,12.8.,0,2.31,323.3112,139.961558441558,,,35.466,1.702,1.577,0.204,0.106,0.008,22.815,2.918,9,7,2.22,208.0956,93.7367567567567,,,39.987,3.546,1.691,0.092,0.107,0.016,23.665,1.891,16,-28.57,-6.83,43.64,1.72,-27.9904464624786,-5.8010414354,44.2175916213501,1.80664303876908,12/05/2020,11.8,0,NA,339.3815,NA,0.8453,0.249070736030102,24.7204,1.79204087254976,1.251,0.124195186881153,0.181666666666667,0.058880764638755,19.89,1.91971641424225,NA,NA,NA,NA,29.7,19,NA,232.9566,NA,0.2125,0.091218707690617,29.92,1.81061180574719,1.6432,0.064903004552948,0.133,0.02014944167961,18.208,0.912612854512921,NA,NA,NA,NA,08/07/2020,9.8,0,5.35,NA,NA,355.7015,NA,4.97965,1.39995192598288,143.490346330103,37.4139,2.2422,1.3226,0.3009,0.0984,0.0122,29.8130,7.9216,NA,NA,NA,NA,31.7,3,5.25,NA,NA,227.67945,NA,0.23025,0.101129021525658,217.864923747277,36.3647,2.5359,1.6565,0.0568,0.1421,0.0145,21.9560,1.3594,NA,NA,NA,NA,61.1154981472878,5.05452116041572,154839,0.143086080586081,0.304544413919414,0.456013315388315
mof_cst_00003,14.25,0.25,0.50,0.00,1.00,0.00,0.00,0.00,0.00,0.00,0.00,0.00,16.00,89.06,1.56,3.13,0.00,6.25,0.00,0.00,0.00,0.00,0.00,0.00,0.00,2,2,1.5,45,2,30,19,27.7,11.8,11.8,15.9,33,87,60,49,63,56,0.80,0.85,0.95,1.00,1.00,0.05,0.05,0.05,0.05,0.10,0.15,0.50,1.00,1.00,1.00,1.00,1.00,1.00,2.9.,0,2.54,515.0076,202.758897637795,,,35.267,3.021,0.669,0.086,0.085,0.013,53.266,5.697,13,7,3.98,532.1968,133.717788944724,,,35.666,4.278,1.234,0.301,0.106,0.034,31.069,10.212,25,-30.99,-5.68,42.57,1.62,-28.1205122228122,-5.0395645348,47.7853092992913,1.41633541549824,20/05/2020,11.8,0,2.07,612.2421,295.769130434783,3.4166,0.558047216942448,28.882,1.163,0.693,0.082,0.113,0.008,42.156,4.741,-29.43,-5.73,47.89,2.45,25.7,24,2.33,360.811,154.854506437768,0.5708,0.158199167985455,27.543,2.199,1.611,0.151,0.142,0.018,17.212,1.913,-28.53,-5.73,49.80,2.10,22/07/2020,11.8,0,3.87,1.63,137.423312883436,492.06765,301.881993865031,4.7613,0.967610855946332,111.937495304635,27.9019,0.9480,0.5045,0.0731,0.0998,0.0168,56.5490,9.6654,-31.44,-5.78,49.91,2.37,25.2,2,4.9,2.57,90.6614785992218,361.3251,140.593424124514,0.6716,0.185871393933054,167.530613778078,32.2175,3.5912,1.5216,0.5245,0.1092,0.0164,21.4000,7.0944,-29.26,-5.79,49.00,2.04,50.9295817894065,4.09357924630612,4249,0.112359550561798,0.25977962259644,0.320790882581553
mof_cst_00004,6.25,0.00,0.00,0.00,0.00,0.00,0.00,0.00,0.00,0.00,0.00,0.00,6.25,100.00,0.00,0.00,0.00,0.00,0.00,0.00,0.00,0.00,0.00,0.00,0.00,1,2,2.5,75,2,65,75,35.2,24.3,24.3,10.9,73,89,81,32,92,62,0.95,1.00,1.00,1.00,1.00,0.30,0.30,0.35,0.40,0.40,0.60,1.00,1.00,1.00,1.00,1.00,1.00,1.00,20.8.,0,2.91,341.5422,117.368453608247,,,42.235,3.233,1.608,0.128,0.099,0.017,26.449,3.205,25,2,3.19,216.7546,67.9481504702194,,,36.523,4.109,1.774,0.052,0.222,0.026,20.597,2.361,32,-29.14,-5.49,43.55,1.89,-28.2843200946601,-5.2677034198,44.8029994644745,1.71129150112894,18/05/2020,25,22,1.44,193.0658,134.073472222222,0.7512,0.389090144396366,33.3132,1.77755842535641,1.6512,0.119114137606658,0.1136,0.011481385901633,20.321,2.35816053548336,-28.22,-6.46,48.47,2.53,NA,NA,NA,NA,NA,NA,NA,NA,NA,NA,NA,NA,NA,NA,NA,NA,NA,NA,NA,20/07/2020,27,17,5.26,2.65,98.4905660377359,281.12835,106.086169811321,0.2818,0.100238912226391,194.575914657051,31.2557,10.7101,1.7276,0.5226,0.1928,0.0767,18.1230,6.2645,-28.53,-5.84,51.49,2.18,NA,NA,NA,NA,NA,NA,NA,NA,NA,NA,NA,NA,NA,NA,NA,NA,NA,NA,NA,NA,NA,NA,64.6169068953095,5.93886412215467,14137,0.044225506294472,0.08856048166393,0.08856048166393
mof_cst_00005,21.00,0.00,0.00,0.00,0.00,0.00,0.00,0.00,0.00,0.00,0.00,0.00,21.00,100.00,0.00,0.00,0.00,0.00,0.00,0.00,0.00,0.00,0.00,0.00,0.00,3,1.5,2.5,65,2.5,65,74,34.9,8.2,8.2,26.7,56,80,68,69,62,66,0.85,0.90,0.95,1.00,1.00,0.20,0.30,0.40,0.40,0.40,0.40,0.40,0.95,1.00,1.00,1.00,1.00,1.00,20.8.,0,2.47,484.1249,196.001983805668,,,39.257,1.763,0.597,0.081,0.081,0.01,66.817,8.83,10,0,3.33,235.8113,70.8142042042042,,,36.294,2.214,1.746,0.124,0.384,0.016,22.625,2.308,32,-30.36,-5.95,44.03,1.71,-28.3846677402152,-5.6935626718,49.4265094010368,1.34627664048474,20/05/2020,NA,NA,NA,NA,NA,NA,NA,NA,NA,NA,NA,NA,NA,NA,NA,NA,NA,NA,NA,NA,NA,NA,NA,NA,NA,NA,NA,NA,NA,NA,NA,NA,NA,NA,NA,NA,NA,NA,14/07/2020,9,0,5.73,2.5,129.2,455.28715,182.11486,0.94155,0.206803552439378,145.744121403351,37.1940,2.2655,0.6977,0.1082,0.0653,0.0222,54.1450,6.2986,-29.68,-6.00,47.29,2.52,34,18,3.68,1.96,87.7551020408163,156.0593,79.6220918367347,0.0341,0.021850668303651,210.352340169784,20.5840,7.2570,1.5882,0.3116,0.2650,0.0815,15.1360,13.0230,-27.66,-5.23,30.73,0.82,55.0676103097958,5.39553331963933,7265,0.181085553929916,0.422164587163208,0.576496496901397
mof_cst_00006,13.50,3.25,0.00,0.00,0.00,0.00,0.00,0.00,0.00,0.00,0.00,0.00,16.75,80.60,19.40,0.00,0.00,0.00,0.00,0.00,0.00,0.00,0.00,0.00,0.00,2,2,2,50,2,60,6,32.7,16.5,16.5,16.2,64,77,70,71,62,67,0.90,0.95,1.00,1.00,1.00,0.30,0.45,0.45,0.50,0.80,0.80,0.80,0.95,0.95,1.00,1.00,1.00,1.00,19.8.,0,2.64,527.2641,199.72125,,,34.289,2.652,0.646,0.158,0.1,0.011,55.171,9.911,10,2,1.8,221.6709,123.1505,,,31.49,3.708,1.532,0.265,0.188,0.028,21.136,4.288,29,-28.72,-4.83,49.45,2.07,-28.0556837558435,-4.9320857712,41.6526903007325,1.62063362351759,13/05/2020,17.5,0,2.2,659.6301,299.831863636364,0.1839,0.027879261422425,24.711,1.822,0.611,0.041,0.146,0.013,40.664,4.474,-27.37,-5.10,44.84,2.17,30.7,17,2.22,316.6239,142.623378378378,0.553,0.174655166587235,24.572,2.411,1.575,0.078,0.2,0.019,15.613,1.444,-24.39,-5.49,44.16,1.92,27/07/2020,16.5,0,7.03,3.11,126.04501607717,662.9906,213.180257234727,3.7448,0.564834554215399,117.19630380888,31.6554,1.9172,0.9508,0.0954,0.1331,0.0076,33.4900,2.6990,-28.41,-4.69,45.49,2.20,30.7,5,6.28,3.19,96.8652037617555,343.791,107.771473354232,10.22355,2.97376894683107,175.79445571332,29.7372,2.7728,1.7029,0.0352,0.1758,0.0269,17.4660,1.6228,-25.42,-4.81,47.57,2.16,56.340849854531,6.0215941087999,20803,0.06346598969611,0.407588307312202,0.61714954454174
mof_cst_00007,8.25,0.00,0.25,0.00,0.00,6.00,0.00,0.00,0.00,0.00,0.00,0.00,14.50,56.90,0.00,1.72,0.00,0.00,41.38,0.00,0.00,0.00,0.00,0.00,0.00,2,0.5,0,10,0,15,42,21.4,3,6.5,14.9,72,28,50,52,72,62,0.85,0.95,1.00,1.00,1.00,0.05,0.05,0.05,0.05,0.10,0.15,0.95,1.00,1.00,1.00,1.00,1.00,1.00,3.9.,0,1.16,283.5344,244.426206896552,,,34.438,1.798,0.288,0.041,0.086,0.02,121.37,14.504,7,7,1.38,94.2135,68.2706521739131,,,43.463,5.658,1.583,0.156,0.11,0.025,27.738,5.017,19,-31.67,-3.21,46.32,2.18,-26.3540229911037,-3.9901256638,50.0436310633043,1.65883339267938,25/05/2020,3,0,0.91,346.551,380.825274725275,0.9838,0.283883180253411,29.552,1.32,0.346,0.028,0.1,0.007,85.877,6.816,-31.43,-4.25,48.24,2.89,20.4,0,3.86,374.0709,96.9095595854922,1.7901,0.478545644689282,41.731,2.318,1.568,0.195,0.1,0.017,26.951,3.316,-27.07,-3.62,48.96,2.42,27/07/2020,3,0,3.17,1.27,149.606299212598,364.94385,287.357362204724,11.27795,3.09032471707634,118.698820524378,37.4215,3.2034,0.3161,0.0561,0.0693,0.0123,120.4470,14.3857,-32.51,-3.43,39.21,2.51,20.4,2,7.47,3.94,89.5939086294416,284.59185,72.2314340101523,0.3317,0.116552880906463,194.575914657051,45.9883,1.9641,1.6866,0.5361,0.1022,0.0211,27.0578,8.6799,-27.51,-3.51,51.61,2.57,50.6112719032227,7.24753744772132,6142,0.577936426993031,0.72363026120515,0.88180095742437
mof_cst_00008,18.50,5.25,0.00,0.00,0.00,0.00,0.25,0.00,0.00,0.00,0.00,0.00,24.00,77.08,21.88,0.00,0.00,0.00,0.00,1.04,0.00,0.00,0.00,0.00,0.00,2,1.5,2,60,1.5,35,1,21.2,9.3,9.3,11.9,34,74,54,12,28,20,0.80,0.90,0.95,1.00,1.00,0.10,0.15,0.20,0.20,0.40,0.60,0.80,0.95,1.00,1.00,1.00,1.00,1.00,13.8.,0,1.72,76.2249,44.3168023255814,,,31.254,2.72,1.293,0.177,0.115,0.02,24.55,3.664,14,1,2.86,75.6498,26.450979020979,,,38.046,8.609,1.648,0.186,0.121,0.022,23.418,5.976,19,-29.96,-6.37,42.86,1.54,-28.548421239869,-6.4013001906,41.9275736892926,1.60721774043652,11/05/2020,14.3,5,2.52,NA,NA,NA,NA,23.615,2.85,1.225,0.216,0.166,0.013,19.982,5.005,-27.79,-6.09,49.59,2.17,19.2,28,2.06,NA,NA,NA,NA,26.98,3.489,1.682,0.064,0.177,0.033,16.032,1.936,-26.71,-6.16,49.26,2.37,13/07/2020,9.3,1,6.58,3.14,109.554140127389,455.2784,144.993121019108,14.75585,3.24106085419383,154.759221696341,32.0261,2.4708,1.2215,0.1893,0.1194,0.0166,26.8580,4.9550,-29.43,-5.78,47.67,1.74,21.2,16,4.43,2.42,83.0578512396694,211.1517,87.2527685950413,3.3586,1.59060997377715,156.26173841184,33.9420,3.0411,1.7566,0.6640,0.1376,0.0566,19.2536,7.4925,-27.79,-5.78,46.69,2.03,43.9267642933631,4.24389305612678,3511,0.350631136044881,0.760405240589247,1.10563675142396
mof_cst_00009,22.75,0.00,0.00,0.00,0.00,0.75,0.00,0.00,0.00,0.00,0.00,0.00,23.50,96.81,0.00,0.00,0.00,0.00,3.19,0.00,0.00,0.00,0.00,0.00,0.00,2,1,1.5,35,2,40,35,36,14.4,19.5,16.5,28,32,30,35,81,58,0.75,0.80,0.85,1.00,1.00,0.25,0.25,0.25,0.25,0.25,0.25,0.30,0.75,0.95,1.00,1.00,1.00,1.00,20.8.,0,1.6,363.1757,226.9848125,,,41.369,1.543,0.682,0.106,0.077,0.008,61.752,7.958,15,0,3.6,400.0966,111.137944444444,,,41.473,1.832,1.508,0.146,0.094,0.006,27.676,2.247,33,-29.99,-6.26,43.72,1.95,-29.4250701349764,-6.902191787,35.0460305836806,0.963280615920079,13/05/2020,14.4,0,1.54,435.7672,282.965714285714,1.6792,0.385343366825222,28.606,1.309,0.594,0.043,0.117,0.009,48.254,2.396,-28.77,-6.10,47.00,2.55,34,19,1.38,171.396,124.2,0.0871,0.050817988751196,29.51,1.772,1.63,0.056,0.162,0.017,18.134,1.419,-25.45,-6.31,48.25,2.63,14/07/2020,14.4,0,6.08,2.72,123.529411764706,645.34955,237.260863970588,7.758,1.20213921277237,126.96266245962,36.0058,1.7908,0.6996,0.0634,0.0750,0.0087,51.6660,3.1519,-29.54,-5.31,45.21,2.35,35,20,3.68,1.9,93.6842105263158,193.227,101.698421052632,1.69545,0.877439488270273,191.570881226054,35.4720,2.8929,1.6675,0.0404,0.1248,0.0189,21.2920,1.9217,-26.78,-6.29,47.13,1.86,52.9985960496011,5.91290796506225,29528,0.319946114338638,0.626826533263874,0.883626095086458
mof_cst_00010,9.00,0.00,10.00,0.75,7.75,0.00,0.00,0.00,0.00,0.00,0.00,0.00,27.50,32.73,0.00,36.36,2.73,28.18,0.00,0.00,0.00,0.00,0.00,0.00,0.00,3,0,0,10,0,15,34,22.7,8.3,8.3,14.4,30,82,56,26,31,29,0.70,0.80,0.90,1.00,1.00,0.05,0.05,0.05,0.05,0.15,0.15,0.30,0.80,1.00,1.00,1.00,1.00,1.00,3.9.,0,2.31,494.942,214.260606060606,,,43.375,0.812,0.567,0.077,0.068,0.005,77.577,8.524,10,2,1.3,102.0523386,78.5017989230769,,,48.605,5.237,1.589,0.183,0.108,0.029,30.935,4.768,20,-29.31,-4.96,41.17,1.96,-26.7417326811126,-4.7952024402,41.9666382384143,1.89649919092057,25/05/2020,8.3,0,2.04,590.5806,289.500294117647,5.8387,0.988637283378425,32.068,1.069,0.608,0.071,0.096,0.013,53.364,5.977,-28.40,-5.00,46.95,2.78,22.7,1,2.05,295.4275,144.110975609756,0.4634,0.156857435411395,23.442,2.475,1.77,0.026,0.206,0.026,13.257,1.479,-26.05,-4.91,50.22,2.21,20/07/2020,8.3,0,4.3,1.86,131.182795698925,505.0906,271.554086021505,2.42485,0.48008218723532,112.688753662384,33.6634,0.8663,0.5794,0.0430,0.0858,0.0065,58.3490,3.9439,-29.39,-4.49,48.13,2.95,20.7,1,4.57,2.09,118.66028708134,351.8549,168.351626794258,23.5436,6.69128097974478,182.555780933063,38.2718,1.4516,0.8560,0.0916,0.0722,0.0083,45.1450,4.7470,-27.92,-4.77,49.50,2.83,34.3774677078494,6.07106384643034,2916,0.179130083762236,0.376291530923683,0.92717742956386
mof_cst_00011,16.25,0.00,11.50,0.00,0.00,0.00,0.00,0.00,0.00,0.00,0.00,0.00,27.75,58.56,0.00,41.44,0.00,0.00,0.00,0.00,0.00,0.00,0.00,0.00,0.00,3,0.5,1,25,0.5,15,16,24,8.4,8.4,15.6,36,83,59,58,57,58,0.85,0.95,0.95,1.00,1.00,0.10,0.10,0.10,0.10,0.15,0.30,0.95,0.85,1.00,1.00,1.00,1.00,1.00,3.9.,0,1.87,381.1542,203.825775401069,,,41.711,3.16,0.493,0.122,0.065,0.021,91.217,27.878,10,4,1.16,91.6406,79.0005172413793,,,44.108,3.794,1.742,0.097,0.138,0.017,25.376,2.41,21,-30.69,-5.13,47.15,2.15,-28.4793862229106,-5.7391904488,46.8703930573059,1.84653906308389,25/05/2020,11.4,0,1.94,514.3767,265.142628865979,16.6545,3.23780217883119,33.243,1.281,0.556,0.028,0.095,0.012,59.92,3.625,-29.97,-5.27,46.44,2.42,23,1,2.53,279.0892,110.311936758893,0,0,32.903,3.001,1.742,0.017,0.148,0.017,18.895,1.849,-27.91,-5.69,50.04,2.47,20/07/2020,10.4,0,4.85,2.03,138.916256157635,501.9564,247.269162561576,2.83445,0.5646805180689,127.713920817369,33.6764,7.7114,0.4244,0.0434,0.0922,0.0479,79.5560,18.7711,-30.04,-4.79,43.80,2.29,23.5,9,3.28,1.69,94.0828402366864,196.305,116.156804733728,10.4021,5.2989480655103,165.276838704831,34.9542,3.1729,1.5594,0.0964,0.1244,0.0301,22.5650,3.1752,-27.75,-5.12,48.07,1.92,28.6478897565412,5.62619286637502,3911,0.309789343246592,0.858591686108731,1.31214199615451
mof_cst_00012,16.25,5.00,0.00,0.00,0.00,0.00,0.00,0.00,0.00,0.00,0.00,0.00,21.25,76.47,23.53,0.00,0.00,0.00,0.00,0.00,0.00,0.00,0.00,0.00,0.00,2,0.5,2,45,1.5,35,10,30.3,13.2,13.2,17.1,23,64,44,20,46,33,0.90,0.95,1.00,1.00,1.00,0.10,0.10,0.10,0.20,0.25,0.50,0.95,1.00,1.00,1.00,1.00,1.00,1.00,19.8.,0,2.08,382.1776,183.739230769231,,,37.303,1.413,0.982,0.169,0.087,0.008,39.185,8.022,15,0,1.98,273.6064,138.185050505051,,,35.168,1.706,1.38,0.251,0.371,0.014,30.246,7.983,28,-29.56,-6.50,48.07,1.81,-30.120280683972,-6.5087789542,48.2385893549392,2.0308969067021,13/05/2020,15.2,0,1.93,457.9031,237.255492227979,4.5081,0.984509604761357,26.705,1.0910490364782,0.6787,0.084793933221139,0.1365,0.013509256086106,39.85,4.85301967850942,-28.85,-6.57,44.98,2.18,27.3,5,1.81,284.5502,157.210055248619,0.0174,0.006114913994086,26.8395,2.80944254059215,1.4661,0.278291394045883,0.1595,0.030920148051967,19.32,6.18770824565391,-28.90,-6.31,47.33,1.92,27/07/2020,13.2,0,5.49,2.44,125,476.5575,195.310450819672,8.82575,1.85198008634845,181.053264217564,32.6135,1.2600,0.9645,0.2106,0.0992,0.0084,35.3170,7.8111,-29.48,-6.30,44.37,1.98,25.3,4,5.19,2.44,112.704918032787,340.5709,139.578237704918,0.3531,0.103678852186138,258.432875065735,34.6572,2.8962,1.5282,0.1941,0.1145,0.0140,23.0660,3.8229,-29.07,-5.70,39.53,1.92,59.8422586025527,7.09989059422914,106639,0.141120277898393,0.395287616766918,0.678534418490764
mof_cst_00013,22.25,0.00,0.00,0.00,1.25,0.00,0.00,0.00,0.00,0.00,0.00,0.00,23.50,94.68,0.00,0.00,0.00,5.32,0.00,0.00,0.00,0.00,0.00,0.00,0.00,2,1,1.5,40,1,25,19,30.9,12,12,18.9,35,47,41,0,64,32,0.90,1.00,1.00,1.00,1.00,0.00,0.05,0.05,0.10,0.15,0.25,0.95,1.00,1.00,1.00,1.00,1.00,1.00,10.9.,0,2.37,537.4705,226.780801687764,,,32.621,1.517,0.784,0.105,0.106,0.011,42.378,6.536,14,0,3.03,381.8261,126.015214521452,,,35.105,1.951,1.345,0.216,0.129,0.009,26.709,4.408,28,-32.94,-6.61,46.91,1.51,-30.6745307388764,-6.7724061102,48.976097511553,1.49477750625279,26/05/2020,15,0,1.45,515.0114,355.180275862069,5.5641,1.08038385169726,29.877,1.319,0.408,0.055,0.121,0.014,74.421,9.75,-31.93,-5.89,48.98,2.53,28.9,11,2.47,539.6022,218.462429149798,1.6936,0.31386084044876,32.655,2.468,1.735,0.023,0.148,0.017,18.829,1.482,-29.22,-7.49,48.81,1.71,29/07/2020,12,0,2.77,1.03,168.932038834951,435.1948,422.519223300971,0.7488,0.17206087940389,126.96266245962,27.4540,0.8900,0.3923,0.0479,0.1236,0.0076,70.9970,9.2871,-32.84,-5.05,40.65,2.17,28.9,5,4.93,2.47,99.5951417004048,226.72245,91.7904655870445,1.9443,0.857568361668639,174.291938997821,34.6768,4.1303,1.7168,0.0284,0.1540,0.0322,20.2140,2.5281,-29.05,-6.94,44.38,1.76,54.4309905374282,5.53072141415461,2547,0.16301816488123,0.399865768770162,0.541188960775615
mof_cst_00014,15.50,1.25,0.00,5.75,0.50,0.00,0.00,0.00,0.00,0.00,0.00,0.00,23.00,67.39,5.43,0.00,25.00,2.17,0.00,0.00,0.00,0.00,0.00,0.00,0.00,3,0.5,1,20,1.5,25,2,26.3,10.4,10.4,15.9,69,85,77,52,60,56,0.85,0.90,0.95,1.00,1.00,0.10,0.15,0.15,0.15,0.25,0.45,0.80,0.95,1.00,1.00,1.00,1.00,1.00,21.8.,0,1.97,399.2363,202.658020304569,,,34.702,1.602,0.651,0.077,0.114,0.012,53.978,7.131,17,0,2.42,229.3126,94.7572727272727,,,40.339,1.865,1.594,0.163,0.132,0.024,25.588,3.234,24,-30.99,-5.33,52.17,1.73,-27.9992128050236,-5.883171434,48.5073867758926,1.58709709521922,18/05/2020,13.4,0,1.8,419.8139,233.229944444444,19.3203,4.6021106018643,23.827,1.903,0.672,0.086,0.144,0.015,35.992,5.534,-28.82,-5.46,49.89,2.06,23.3,17,1.35,212.4367,157.360518518519,0.6225,0.293028464479066,23.347,2.759,1.633,0.18,0.185,0.034,14.56,2.979,-27.66,-5.89,48.39,2.04,15/07/2020,12.4,0,5.16,2.08,148.076923076923,401.498,193.027884615385,4.5904,1.14331827306736,162.271805273834,31.7567,0.8611,0.7060,0.0811,0.0942,0.0059,45.5600,5.7642,-31.01,-5.05,41.44,1.88,25.3,9,3.32,1.47,125.850340136054,198.13535,134.785952380952,0.1702,0.085900875335976,195.3271730148,35.3857,5.7574,1.5766,0.1036,0.1333,0.0287,22.6700,4.7106,-28.72,-5.47,46.95,1.84,44.085919236455,6.56399390906791,11370,0.085436437803111,0.217471950878137,0.555862384575264
mof_cst_00015,10.25,1.00,0.00,0.00,0.00,0.00,0.00,0.00,0.00,0.00,0.00,0.00,11.25,91.11,8.89,0.00,0.00,0.00,0.00,0.00,0.00,0.00,0.00,0.00,0.00,2,1.5,2.5,70,3,70,78,31.2,5.8,5.8,25.4,80,84,82,40,47,43,0.95,0.95,0.95,1.00,1.00,0.20,0.20,0.20,0.20,0.30,0.45,0.85,1.00,1.00,1.00,1.00,1.00,1.00,20.8.,0,1.43,269.0024,188.113566433566,,,39.989,2.303,1.25,0.152,0.099,0.007,32.671,6.481,7,0,1.13,144.4023,127.789646017699,,,38.969,3.443,1.815,0.057,0.203,0.02,21.499,2.157,29,-28.67,-4.91,47.16,2.04,-28.9697350157851,-5.2220756428,48.2851193803373,2.21726585242777,13/05/2020,5.8,0,1.36,408.5312,300.390588235294,0.5513,0.134946853508373,24.57,0.788,0.68,0.06,0.147,0.009,36.424,3.89,-28.64,-5.24,47.45,2.31,29.2,0,1.77,265.8889,150.219717514124,0.0041,0.001541997428249,18.244,1.925,1.709,0.019,0.262,0.03,10.672,1.116,-27.98,-5.22,49.47,1.93,13/07/2020,5.8,0,4.27,1.67,155.688622754491,417.4795,249.987724550898,1.6898,0.404762389530504,171.286905566824,30.1695,1.6151,0.7975,0.2561,0.1026,0.0121,38.3180,12.8127,-29.90,-4.42,34.60,1.68,27.2,0,3.73,2.33,60.0858369098712,251.319,107.862231759657,1.2624,0.502309813424373,269.701750431974,26.1284,4.1124,1.8688,0.0358,0.2134,0.0298,13.9930,2.2658,-28.50,-4.82,48.40,1.92,51.2478916755903,4.27203637825527,29468,0.096618357487923,0.245448830457348,0.354455041637472
mof_cst_00016,22.75,1.75,0.00,0.00,0.00,0.00,0.00,0.00,0.00,0.00,0.00,0.00,24.50,92.86,7.14,0.00,0.00,0.00,0.00,0.00,0.00,0.00,0.00,0.00,0.00,3,1.5,2,65,2.5,75,7,29.2,4.5,15.3,13.9,7,12,10,81,54,67,0.95,1.00,1.00,1.00,1.00,0.40,0.40,0.40,0.40,0.40,0.45,0.95,1.00,0.95,0.95,1.00,1.00,1.00,21.8.,0,1.15,271.1148,235.752,,,36.519,1.508,0.896,0.087,0.098,0.016,41.12,4.311,6,1,2.43,221.3256,91.0804938271605,,,35.713,2.798,1.707,0.033,0.161,0.021,20.925,1.631,26,-30.00,-5.60,47.84,2.09,-29.6018109658349,-5.4644098362,47.994852289274,1.55443412973167,18/05/2020,5,0,1.04,302.2713,290.645480769231,4.5247,1.4969003011533,27.788,0.992,0.726,0.072,0.105,0.007,38.584,3.571,-29.47,-5.31,47.66,2.39,27.2,21,2.03,227.3326,111.986502463054,0.1386,0.060967938606254,26.788,3,1.751,0.056,0.181,0.03,15.312,1.794,-26.32,-6.13,49.03,2.46,15/07/2020,4.5,0,4.06,1.72,136.046511627907,421.7729,245.216802325581,1.3405,0.317825066522766,124.708887386372,31.1723,3.2482,0.7682,0.1164,0.1260,0.0388,41.5750,7.8695,-30.34,-4.53,46.93,2.51,26.2,7,5.17,2.51,105.97609561753,260.671,103.852988047809,0.40665,0.156001242946089,178.799489144317,37.2061,3.6339,1.7060,0.0361,0.1539,0.0322,21.8250,2.2690,-27.14,-5.20,43.17,2.00,41.8577500331685,4.68889634581696,43283,0.088474137113847,0.424299710776027,0.718507460733214
mof_cst_00017,19.25,0.00,0.00,2.75,0.00,1.00,0.00,0.00,0.00,0.00,0.00,0.00,23.00,83.70,0.00,0.00,11.96,0.00,4.35,0.00,0.00,0.00,0.00,0.00,0.00,3,2,2,50,0.5,15,0,31.9,18.5,18.5,13.4,43,73,58,1,33,17,0.70,0.90,0.95,0.95,1.00,0.05,0.05,0.05,0.10,0.15,0.15,0.80,0.85,1.00,1.00,1.00,1.00,1.00,13.8.,0,2.4,139.5776,58.1573333333333,,,28.781,0.963,0.678,0.051,0.096,0.012,42.612,3.033,20,4,2.62,62.7537,23.9517938931298,,,26.516,3.372,1.693,0.105,0.151,0.026,15.754,2.532,27,-31.16,-4.29,48.46,2.35,-28.990562948657,-5.08215046,45.8361092764523,1.38676644003295,26/05/2020,18.5,0,2.02,482.2604,238.742772277228,2.291,0.47505455558864,29.414,1.596,1.273,0.05,0.126,0.008,23.151,1.812,-29.91,-5.08,47.08,2.23,29.9,14,1.43,215.1772,150.473566433566,0.1786,0.08300135888003,31.105,2.131,1.643,0.168,0.153,0.024,19.106,2.276,-28.17,-5.37,48.95,2.37,27/07/2020,13,0,3.43,1.54,122.727272727273,355.5968,230.907012987013,9.7598,2.74462537345668,181.804522575314,32.0256,2.9354,0.9665,0.1007,0.1002,0.0147,33.3020,2.8125,-29.70,-4.49,42.93,2.18,30.9,10,4.43,2.32,90.948275862069,224.5126,96.7726724137931,0.2067,0.09206610230339,218.616182105026,31.7678,3.5134,1.7039,0.0477,0.1655,0.0214,18.6670,2.1915,-27.74,-5.20,49.32,1.97,32.7859182769304,5.16649701529079,2670,0.298262166357245,0.509960487707194,0.979476145438338
mof_cst_00018,23.25,0.00,0.50,0.00,0.00,0.00,0.00,0.00,0.00,0.00,0.00,0.00,23.75,97.89,0.00,2.11,0.00,0.00,0.00,0.00,0.00,0.00,0.00,0.00,0.00,3,0.5,0.5,35,0.5,15,0,25,12.5,12.5,12.5,0,5,2,4,50,27,0.40,0.40,0.85,1.00,1.00,0.10,0.10,0.10,0.10,0.10,0.25,0.30,0.55,0.90,1.00,1.00,1.00,1.00,4.9.,0,2.2,672.1917,305.541681818182,,,33.929,3.572,1.492,0.115,0.139,0.024,22.847,2.844,13,0,3.26,430.9025,132.178680981595,,,34.784,3.04,0.806,0.091,0.096,0.013,43.541,5.557,23,-29.91,-6.67,46.67,2.29,-27.6540486249614,-7.6890174526,46.1395087372332,1.71241855698441,18/05/2020,12.5,0,1.99,541.395,272.057788944724,3.8377,0.708853979072581,24.088,1.949,0.83,0.157,0.136,0.012,30.108,6.81,-28.72,-6.63,46.93,2.38,24,0,3.5,321.4625,91.8464285714286,0.0849,0.026410545553525,27.924,3.07,1.663,0.112,0.188,0.044,16.898,2.467,-26.75,-7.18,48.83,2.09,21/07/2020,12.5,0,6.91,3.28,110.670731707317,881.31435,268.693399390244,3.5899,0.407334794900367,125.460145744121,31.6578,2.1346,1.0983,0.0696,0.0983,0.0084,28.8950,2.2038,-29.33,-6.74,43.52,2.32,24.5,11,5.19,2.58,101.162790697674,261.8309,101.48484496124,0.6941,0.26509476154266,228.382540755766,36.2428,3.6225,1.5783,0.1803,0.1095,0.0092,23.1610,2.7314,-28.06,-7.15,37.94,1.45,43.2901445209955,4.93799925754447,1903,0.350467289719626,0.611733104249429,0.919595292949611
mof_cst_00019,13.75,0.00,2.50,0.75,0.00,0.00,1.00,0.00,0.00,0.00,0.00,0.00,18.00,76.39,0.00,13.89,4.17,0.00,0.00,5.56,0.00,0.00,0.00,0.00,0.00,2,0.5,1.5,40,2,50,15,21.8,9.6,9.6,12.2,48,85,67,83,74,79,0.45,0.60,0.60,0.90,1.00,0.20,0.35,0.35,0.35,0.35,0.35,0.60,0.65,0.70,0.95,1.00,1.00,1.00,2.9.,0,1.75,354.2387,202.422114285714,,,39.117,1.895,0.633,0.135,0.063,0.009,64.175,12.612,11,5,2.3,206.8016,89.9137391304348,,,41.911,4.233,1.717,0.041,0.161,0.051,24.457,2.926,20,-27.62,-7.65,45.01,1.67,-28.8399148642955,-4.5984960238,42.7110301651479,1.82348322619907,20/05/2020,11.6,0,1.71,421.2773,246.360994152047,6.7039,1.5913271377309,30.036,1.581,0.804,0.079,0.092,0.008,37.806,5.257,-28.15,-5.17,46.76,2.52,20.8,14,2.22,261.5621,117.820765765766,1.7909,0.684693998098348,36.295,1.739,1.691,0.028,0.117,0.008,21.455,0.772,-25.85,-4.77,48.91,2.58,22/07/2020,10.6,0,3.23,1.32,144.69696969697,340.85005,258.219734848485,3.51435,1.03105456490325,125.460145744121,34.9855,1.6094,0.4500,0.0464,0.0796,0.0118,78.3540,6.9059,-28.55,-4.28,44.29,2.44,21.3,8,6.66,3.46,92.485549132948,268.31855,77.5487138728324,0.46295,0.172537455945554,174.667568176696,37.0737,4.0383,1.6736,0.0175,0.1808,0.0361,22.1430,2.3083,-26.29,-3.92,47.77,2.48,35.1732424233089,3.80032762628905,9242,0.371272769462815,0.691508360403703,0.867468745194927
mof_cst_00020,5.50,3.50,0.00,0.00,0.00,0.00,0.00,0.00,0.00,0.00,0.00,0.00,9.00,61.11,38.89,0.00,0.00,0.00,0.00,0.00,0.00,0.00,0.00,0.00,0.00,1,2,2,45,2,60,46,22.4,5.1,5.1,17.3,84,82,83,103,78,90,0.85,0.90,0.95,1.00,1.00,0.70,0.70,0.80,0.80,0.85,0.85,0.90,0.95,0.95,1.00,1.00,1.00,1.00,21.8.,0,2.05,364.7928,177.947707317073,,,42.781,2.007,1.056,0.126,0.076,0.01,40.941,4.417,6,3,2.86,173.0862,60.5196503496503,,,42.763,2.998,1.656,0.074,0.131,0.015,25.886,2.433,20,-28.44,-4.41,45.99,2.42,-27.7276176871964,-4.3297991148,46.1825313090379,1.5263484752619,18/05/2020,8.1,0,2.39,412.8617,172.745481171548,21.2396,5.14448300726369,28.589,2.54,1.321,0.124,0.127,0.017,21.685,1.069,-27.12,-4.69,48.03,2.42,21.4,13,2.42,275.1905,113.715082644628,0.0189,0.006867969642847,24.508,2.807,1.733,0.035,0.185,0.024,14.165,1.826,-25.75,-4.61,48.63,2.61,14/07/2020,5.1,12,4.93,2.38,107.142857142857,289.8447,121.783487394958,24.56145,8.47400349221497,216.362407031778,38.7422,2.7126,1.5130,0.1847,0.0940,0.0171,25.9580,3.6990,-27.52,-4.62,46.45,2.17,21.4,25,6.01,3,100.333333333333,303.068,101.022666666667,2.683,0.885279871184025,232.138832544512,34.0027,1.4539,1.5588,0.1259,0.1173,0.0127,21.9520,2.1883,-26.93,-4.37,48.54,1.73,48.70141258612,3.626211202255,24209,0.329851566794942,0.520672563747231,0.696198303162556
mof_cst_00021,4.00,5.75,0.25,0.00,4.50,0.00,2.50,6.25,0.00,0.00,0.00,0.00,23.25,17.20,24.73,1.08,0.00,19.35,0.00,10.75,26.88,0.00,0.00,0.00,0.00,3,0,1,20,0.5,20,0,20.8,10.3,10.3,10.5,16,39,28,20,36,28,0.95,0.95,1.00,1.00,1.00,0.05,0.05,0.05,0.10,0.10,0.15,0.95,1.00,1.00,1.00,1.00,1.00,1.00,2.9.,0,2.4,427.9265,178.302708333333,,,39.259,1.444,0.769,0.091,0.085,0.006,51.764,6.803,11,0,2.76,256.1918,92.823115942029,,,42.221,4.194,1.751,0.131,0.138,0.02,24.275,3.429,19,-29.80,-3.82,47.41,2.39,-27.6718049579811,-4.4372778784,51.549604905274,2.15693708569626,20/05/2020,10.3,0,2.31,702.065,303.924242424242,3.2713,0.465954007107604,29.692,1.482,0.671,0.101,0.089,0.01,44.907,5.428,-28.05,-4.43,47.30,2.58,17.8,6,4.02,481.2027,119.702164179104,0.1879,0.039047993704109,33.44,1.913,1.501,0.178,0.107,0.009,22.519,2.599,-26.66,-4.13,46.37,2.32,22/07/2020,10.3,0,4.65,1.97,136.040609137056,607.2738,308.260812182741,36.9195,6.07954764391284,126.211404101871,30.7085,1.0222,0.4016,0.0282,0.1007,0.0059,76.7680,5.7173,-29.99,-4.17,45.39,2.41,20.3,0,6.37,3.52,80.9659090909091,324.40105,92.1593892045454,6.01985,1.85568141656755,178.048230786567,28.3988,4.4594,1.7054,0.0222,0.2256,0.0447,16.6410,2.4990,-26.85,-4.19,49.07,2.07,26.1014106670708,5.31085140237974,0,0.509116741652854,0.971357176410586,1.42651116970346
mof_cst_00022,7.00,0.00,6.50,4.00,5.50,0.00,0.00,0.00,0.00,0.00,0.00,0.00,23.00,30.43,0.00,28.26,17.39,23.91,0.00,0.00,0.00,0.00,0.00,0.00,0.00,5,0,0,5,0.5,10,0,19,2,2,17,0,0,0,1,8,4,0.70,0.85,0.90,1.00,1.00,0.05,0.10,0.10,0.10,0.20,0.20,0.35,0.75,0.95,1.00,1.00,0.95,0.95,4.9.,0,2.45,522.9484,213.448326530612,,,43.878,4.059,1.621,0.114,0.105,0.021,27.712,3.833,6,0,3.79,298.5327,78.7685224274406,,,45.218,2.369,1.608,0.101,0.097,0.015,28.189,1.913,17,-31.14,-4.61,43.61,2.09,-28.8245716570989,-4.5477984938,48.2488157084167,2.05990819746915,19/05/2020,2,0,0.79,390.8531,494.750759493671,17.7635,4.5448021264255,19.582,3.039,0.358,0.052,0.177,0.027,54.755,5.334,-29.55,-4.03,48.17,3.29,17,0,2.18,343.8096,157.710825688073,0.8493,0.247026261046812,33.012,1.43,1.412,0.155,0.117,0.011,23.624,2.747,-29.56,-4.92,47.05,2.37,21/07/2020,2,0,4.15,1.58,162.658227848101,586.92095,371.468955696202,0.03395,0.005784424631631,116.445045451131,31.6344,1.2842,0.3616,0.0465,0.0953,0.0111,88.7260,11.5639,-30.99,-4.00,47.89,3.16,16,0,3.61,1.57,129.936305732484,339.13275,216.008121019108,17.6023,5.19038636050337,173.540680640072,38.4882,3.1506,0.6589,0.1208,0.0796,0.0073,59.7120,8.9159,-29.94,-4.53,43.83,2.46,26.5788754963465,4.25927685117702,6168,0.664749795563059,1.16122984601868,1.5042872469084
mof_cst_00023,3.50,1.50,7.75,0.00,2.25,0.00,2.75,0.00,0.00,0.00,0.00,0.00,17.75,19.72,8.45,43.66,0.00,12.68,0.00,15.49,0.00,0.00,0.00,0.00,0.00,4,0,0,20,0,10,0,16.7,1.5,1.5,15.2,0,9,5,63,57,60,0.45,0.55,0.70,1.00,1.00,0.10,0.10,0.10,0.10,0.10,0.20,0.40,0.40,0.85,0.95,1.00,1.00,1.00,4.9.,0,0.75,144.8228,193.097066666667,,,36.382,1.347,1.156,0.208,0.088,0.017,32.533,6.695,4,0,3.16,281.4899,89.079082278481,,,37.235,4.865,1.713,0.151,0.173,0.073,21.936,3.678,14,-27.18,-3.44,44.09,1.65,-27.4538594445727,-4.1614833152,49.0752016053568,1.84243161646209,19/05/2020,1,0,1.06,356.671,336.482075471698,16.3694,4.58949564164174,26.764,1.737,0.562,0.107,0.115,0.009,49.021,8.978,-28.06,-3.93,45.82,2.36,13.7,1,2.6,355.4683,136.718576923077,0,0,29.695,1.824,1.719,0.049,0.147,0.011,17.296,1.273,-26.45,-4.31,45.86,2.19,21/07/2020,1.5,0,3.19,1.33,139.84962406015,367.28145,276.151466165413,0.60865,0.165717598860492,218.616182105026,30.0475,2.2650,0.4112,0.0860,0.1154,0.0117,75.6960,15.0009,-28.79,-3.87,23.36,1.08,15.7,3,4.4,2.26,94.6902654867257,286.484,126.762831858407,1.1642,0.406375225143463,244.910224626249,41.0232,10.0733,1.5154,0.1816,0.1017,0.0169,28.1520,11.6567,-27.24,-4.07,44.42,2.05,28.3295798703574,5.08298512143826,340,0.623308455671287,0.951323098312363,1.19455321992786
mof_cst_00024,12.25,0.25,0.00,0.00,0.00,0.00,1.00,0.00,0.00,0.00,0.00,0.00,13.50,90.74,1.85,0.00,0.00,0.00,0.00,7.41,0.00,0.00,0.00,0.00,0.00,1,2,2,25,2,30,97,33,11.6,11.6,21.4,57,68,62,52,94,73,0.45,0.50,0.75,0.90,1.00,0.30,0.40,0.40,0.40,0.50,0.50,0.55,0.70,0.90,1.00,1.00,0.95,1.00,13.8.,0,1.66,62.6474,37.7393975903614,,,33.839,1.725,1.163,0.243,0.101,0.012,30.307,6.893,12,0,1.62,39.4448,24.3486419753086,,,36.949,2.614,1.752,0.061,0.152,0.012,21.13,1.926,31,-28.43,-3.97,40.77,1.93,-27.4426767451736,-4.5589519504,43.9838277335468,1.92921749522871,12/05/2020,14.6,4,1.22,330.7309,271.090901639344,0.1835,0.055483173782674,31.494,2.022,0.951,0.154,0.124,0.006,33.626,3.775,-28.16,-4.41,47.86,2.74,31,15,0.9,126.7236,140.804,2.5486,2.01114867317532,27.102,6.515,1.521,0.171,0.212,0.055,18.505,7.543,-26.06,-4.57,48.63,2.76,13/07/2020,11.6,0,3.53,1.51,133.774834437086,361.2235,239.220860927152,7.65835,2.12011400144232,159.266771842837,34.6746,1.1730,0.5921,0.0578,0.0844,0.0042,58.9840,5.1249,-29.64,-3.41,46.03,2.40,31,7,2.18,1.08,101.851851851852,111.84185,103.557268518519,0.8471,0.757408787497703,268.199233716475,30.4155,4.9470,1.5827,0.3313,0.2005,0.0547,20.2355,5.8400,-26.32,-4.32,43.67,1.84,77.0309924564774,4.52574816356616,52753,0.044130626654899,0.120162381476921,0.336894250778732
mof_cst_00025,5.00,0.00,0.00,0.00,0.00,0.00,0.00,0.00,0.00,0.00,0.00,0.00,5.00,100.00,0.00,0.00,0.00,0.00,0.00,0.00,0.00,0.00,0.00,0.00,0.00,2,2,2,55,2.5,65,81,33,13,13,20,66,82,74,90,78,84,0.95,0.95,0.95,1.00,1.00,0.50,0.50,0.50,0.50,0.55,0.65,0.80,0.95,1.00,1.00,1.00,1.00,1.00,20.8.,2,2.86,363.0889,126.954160839161,,,46.3,2.672,1.428,0.149,0.082,0.01,32.624,2.56,14,1,3.92,234.6558,59.8611734693878,,,42.582,1.787,1.746,0.044,0.136,0.015,24.401,1.201,31,-29.32,-5.33,47.49,2.17,-28.7959660266954,-5.1166247804,40.3380883890749,1.39936358354472,13/05/2020,16,0,1.63,374.9678,230.041595092025,0.2459,0.065578964380408,33.28,1.373,0.903,0.114,0.116,0.017,37.288,4.004,-28.33,-4.92,47.70,2.72,31,40,2.26,265.0858,117.294601769912,0.2138,0.08065313192936,37.028,1.564,1.657,0.138,0.136,0.015,22.499,2.147,-26.62,-5.69,35.13,1.85,14/07/2020,13,1,4.76,2.11,125.592417061611,423.2146,200.575639810427,7.3801,1.74381980205787,209.601081812035,39.6558,1.7038,0.7366,0.0668,0.0784,0.0252,54.2540,5.6711,-28.89,-4.86,47.51,2.49,32.5,15,5.75,2.73,110.622710622711,267.99495,98.1666483516484,9.7604,3.64200892591446,286.980692660206,38.1850,5.3577,1.8080,0.1066,0.1467,0.0340,21.1640,2.9238,-27.21,-5.63,45.04,1.80,69.3915551880664,4.49759953491863,17462,0.166671583232544,0.166671583232544,0.166671583232544
mof_cst_00026,19.75,4.25,0.00,0.00,0.25,0.00,0.00,0.00,0.00,0.00,0.00,0.00,24.25,81.44,17.53,0.00,0.00,1.03,0.00,0.00,0.00,0.00,0.00,0.00,0.00,2,1,1,25,2,30,37,25.7,12.7,12.7,13,26,78,52,80,86,83,0.55,0.85,0.90,0.95,1.00,0.10,0.15,0.15,0.25,0.25,0.30,0.55,0.95,0.95,1.00,1.00,1.00,1.00,21.8.,0,1.94,314.059,161.886082474227,,,38.512,1.485,0.588,0.098,0.08,0.006,66.984,10.606,13,0,1.52,187.2199,123.170986842105,,,33.512,4.435,1.386,0.074,0.38,0.016,27.435,3.544,24,-30.39,-4.94,40.08,1.71,-29.7478068198625,-5.9095341496,43.9647904901464,1.63507980544793,18/05/2020,12.7,0,2.62,453.4727,173.081183206107,6.5782,1.45062756809837,27.2,1.221,1.513,0.22,0.154,0.014,18.525,4.267,-28.47,-5.74,47.65,2.20,24.7,18,1.72,199.224,115.827906976744,0.189,0.094868088182147,31.067,2.309,1.691,0.08,0.155,0.028,18.422,1.843,-27.02,-5.84,44.84,2.62,15/07/2020,12.7,0,5.19,2.33,122.74678111588,428.29955,183.819549356223,14.66755,3.42460084303147,199.083464803546,37.5828,2.6367,1.2798,0.1818,0.1138,0.0113,29.8420,4.1152,-29.25,-5.22,46.60,2.42,22.7,17,3.42,1.49,129.530201342282,227.43995,152.644261744966,1.6841,0.740459184940904,224.62624896702,37.8334,3.6925,1.2592,0.2621,0.1175,0.0111,31.5210,8.6059,-29.29,-6.08,47.91,1.87,43.1309895779036,5.62787270713572,7537,0.2520025200252,0.636613917997434,0.813053160414923
mof_cst_00027,12.00,7.00,0.25,0.00,0.00,0.00,1.25,0.00,0.00,0.00,0.00,0.00,20.50,58.54,34.15,1.22,0.00,0.00,0.00,6.10,0.00,0.00,0.00,0.00,0.00,2,1,1,20,2,35,28,33,9.2,9.2,23.8,47,95,71,15,60,37,0.80,0.90,0.90,1.00,1.00,0.00,0.05,0.10,0.10,0.20,0.20,0.35,0.75,0.95,1.00,1.00,1.00,1.00,5.9.,0,3.68,707.0547,192.134429347826,,,42.397,1.872,0.827,0.119,0.067,0.005,52.118,6.979,10,6,1.58,113.6621,71.9380379746835,,,42.581,5.479,1.801,0.045,0.165,0.031,23.665,3.108,30,-31.54,-5.00,41.24,1.83,-27.8975307941339,-5.2159919392,42.5362064517991,1.45439065065966,25/05/2020,9.2,0,2.04,594.0034,291.178137254902,3.8751,0.652370003269341,31.799,1.835,0.628,0.08,0.09,0.011,51.146,4.293,-31.64,-5.34,40.17,2.04,33,0,4.07,412.1495,101.265233415233,0.3019,0.073250119192186,27.1072,4.68125616569837,1.737,0.017851237118661,0.2006,0.033273947099128,15.616,2.75501643471605,-27.35,-5.40,48.62,1.94,27/07/2020,9.2,0,4.58,1.89,142.328042328042,511.74105,270.76246031746,18.3819,3.59203155580347,129.967695890617,31.9660,2.6600,0.4996,0.0619,0.0903,0.0227,64.9100,9.4851,-31.71,-5.23,47.59,2.64,32,7,6.37,3.45,84.6376811594203,279.2736,80.9488695652174,6.3755,2.28288674618725,202.088498234543,28.5144,3.2369,1.6519,0.1081,0.1782,0.0443,17.3480,2.4209,-27.75,-4.99,48.77,1.54,50.2929620170389,4.11586943448653,36505,0.088492170366665,0.227299980053926,0.679439640762187
mof_cst_00028,10.25,8.50,0.00,0.50,0.00,0.00,0.00,0.25,0.00,0.00,0.00,0.00,19.50,52.56,43.59,0.00,2.56,0.00,0.00,0.00,1.28,0.00,0.00,0.00,0.00,1,1.5,1.5,25,2,35,10,31.4,9.6,9.6,21.8,84,91,88,0,13,6,0.70,0.85,0.95,0.95,1.00,0.00,0.10,0.10,0.10,0.10,0.35,0.75,0.95,0.95,0.95,0.95,0.95,0.95,13.8.,0,0.76,51.5181,67.7869736842105,,,35.392,1.182,0.738,0.036,0.079,0.007,48.062,2.369,11,2,1.98,69.8579,35.2817676767677,,,37.502,1.74326061033787,1.7069,0.168413809146136,0.1139,0.016134504089752,22.234,3.12988178690505,29,-29.40,-5.05,46.84,2.07,-28.7539046160713,-6.0565569866,46.529598594254,1.93174537942788,11/05/2020,11.6,0,1.29,NA,NA,NA,NA,24.3308,1.46909940666609,0.5547,0.083094390772048,0.1585,0.026676040019297,44.636,6.30884247174815,-29.23,-5.25,46.84,2.81,28.4,0,0.96,NA,NA,NA,NA,19.832,1.414,1.738,0.037,0.237,0.018,11.431,1.043,-26.82,-5.57,46.41,2.18,13/07/2020,9.6,0,3.15,1.29,144.186046511628,435.8789,337.890620155039,0.80845,0.185475828263309,92.4047780031553,27.5289,1.1075,0.5694,0.0574,0.0994,0.0072,48.9020,6.5402,-29.50,-4.95,36.44,1.73,30.9,0,3.22,1.9,69.4736842105263,195.94425,103.128552631579,4.3688,2.22961378045031,173.540680640072,22.2049,3.3861,1.7146,0.0393,0.2155,0.0757,12.9273,1.8208,-26.89,-4.76,47.21,1.61,56.340849854531,4.89899963924042,35908,0.097235494308371,0.608834514841605,0.767197290740429
mof_cst_00029,6.50,0.00,3.50,0.50,7.25,0.00,0.00,0.00,0.00,0.00,0.00,0.00,17.75,36.62,0.00,19.72,2.82,40.85,0.00,0.00,0.00,0.00,0.00,0.00,0.00,5,0,0,0,0,10,0,19.3,10.1,1,18.3,0,0,0,0,1,1,0.70,0.80,0.90,0.95,0.95,0.00,0.00,0.10,0.10,0.15,0.25,0.25,0.50,0.95,1.00,1.00,0.95,0.95,4.9.,0,1.17,267.9668,229.031452991453,,,37.446,2.011,0.398,0.057,0.087,0.01,95.496,12.726,5,0,1.04,170.7945,164.225480769231,,,36.551,1.755,0.758,0.108,0.089,0.012,49.133,7.323,17,-29.28,-5.11,33.88,1.67,-30.5165475412381,-4.636480911,43.6325282590265,2.0189785473018,19/05/2020,1,0,0.91,350.1813,384.814615384615,42.4028,12.1088133489709,26.04,1.486,0.38,0.099,0.137,0.015,71.898,15.694,-29.02,-4.41,47.40,2.75,17.3,0,0.9,202.984,225.537777777778,0.5533,0.272583060733851,28.638,1.672,0.955,0.126,0.131,0.013,30.453,4.397,-27.47,-5.59,45.83,2.45,21/07/2020,1,0,2.23,1.02,118.627450980392,336.0178,329.429215686274,0.9921,0.295252215805234,138.231537825858,29.4798,0.9237,0.5228,0.0267,0.1017,0.0048,56.4600,2.5955,-29.86,-4.55,46.32,2.58,18.3,0,3.21,1.5,114,326.4228,217.6152,0.25715,0.078778198091555,166.02809706258,34.2623,1.7766,0.6657,0.0863,0.0977,0.0145,52.2640,7.5969,-28.99,-5.16,46.45,2.55,17.6661986832004,4.91320830101176,2359,1.27792991229115,1.89698953637349,2.36005530865011
mof_cst_00030,5.25,1.25,0.00,3.00,0.00,5.00,1.00,0.00,0.25,0.00,0.00,0.00,15.75,33.33,7.94,0.00,19.05,0.00,31.75,6.35,0.00,1.59,0.00,0.00,0.00,4,0.5,0.5,10,1,25,23,26.9,5.8,5.8,21.1,5,26,16,4,29,17,0.95,1.00,1.00,1.00,1.00,0.05,0.05,0.05,0.10,0.15,0.20,0.95,1.00,1.00,1.00,1.00,1.00,1.00,5.9.,0,1.04,292.2012,280.962692307692,,,29.919,1.173,0.381,0.062,0.116,0.011,80.138,11.99,7,0,2.31,256.6548,111.105974025974,,,28.859,2.113,1.754,0.047,0.178,0.024,16.469,1.418,24,-30.73,-5.01,36.74,1.54,-28.7446220480426,-5.0713224167,50.2965607827897,1.49284084743504,25/05/2020,3,0,1.04,316.907,304.718269230769,1.5033,0.474366296736898,28.654,1.963,0.969,0.16,0.124,0.013,30.417,5.951,-30.52,-5.13,45.87,2.40,24.9,10,2.71,281.9732,104.049151291513,0.0034,0.001205788351517,31.549,2.154,1.759,0.019,0.157,0.014,17.935,1.21,-28.08,-5.15,39.68,1.70,20/07/2020,5.8,0,4.03,1.67,141.317365269461,408.9146,244.859041916168,0.03095,0.007568817547723,229.133799113515,29.7216,1.4479,0.9584,0.0820,0.1138,0.0069,31.1990,2.8659,-32.07,-5.84,46.59,2.35,25.9,0,4.25,2.24,89.7321428571428,218.66545,97.6185044642857,5.32085,2.43332908788288,269.701750431974,29.9666,3.8559,1.7565,0.0368,0.1859,0.0247,17.0390,1.9817,-27.41,-5.22,43.98,1.76,39.6295808298819,6.12924952566512,4040,1.11858476852194,1.57429966944675,1.98072109559224
mof_cst_00031,16.00,0.00,0.00,0.00,0.00,0.00,0.00,0.00,0.00,0.00,0.00,0.00,16.00,100.00,0.00,0.00,0.00,0.00,0.00,0.00,0.00,0.00,0.00,0.00,0.00,2,0.5,0,10,0,15,0,28.3,14.4,18.5,9.8,13,65,39,0,19,10,0.90,0.95,0.95,1.00,1.00,0.00,0.00,0.05,0.05,0.10,0.15,0.80,0.90,1.00,0.95,0.95,0.95,0.95,10.9.,0,1.32,354.3942,268.480454545455,,,32.27,1.541,0.443,0.058,0.103,0.008,73.888,9.227,16,0,2.36,187.4464,79.4264406779661,,,33.008,3.606,1.754,0.066,0.186,0.026,18.822,2.027,26,-31.66,-6.14,46.35,1.85,-27.0891812137035,-6.1870473886,44.9599443624467,1.39335707145237,25/05/2020,8,0,1.15,420.9749,366.065130434783,14.4724,3.43782966632928,25.553,1.238,0.443,0.03,0.127,0.009,57.833,3.551,-30.49,-6.06,45.59,2.73,26.3,4,2.31,370.7453,160.495800865801,0.0459,0.01238046712932,35.03,4.556,1.717,0.139,0.116,0.024,20.48,2.678,-28.47,-6.99,45.95,1.93,29/07/2020,6,0,3.22,1.24,159.677419354839,419.08995,337.975766129032,0.12875,0.03072132844035,91.6535196454061,29.7904,0.7355,0.4483,0.0564,0.1071,0.0057,67.3470,8.0944,-32.24,-5.39,44.71,2.42,27.3,0,6.4,3.36,90.4761904761905,280.07385,83.3553125,0.44455,0.158725993162161,193.824656299301,40.5189,3.0668,1.6585,0.0750,0.1240,0.0144,24.4810,2.2205,-27.17,-5.91,46.15,2.23,30.2394391874601,3.568487906642,1513,0.216498693542367,0.388034884115511,0.584660867690064
mof_cst_00032,24.00,0.00,0.00,0.00,0.00,0.00,0.00,0.00,0.00,0.00,0.00,0.00,24.00,100.00,0.00,0.00,0.00,0.00,0.00,0.00,0.00,0.00,0.00,0.00,0.00,2,1,1.5,40,1,25,8,31,17,17,14,14,58,36,48,44,46,0.90,0.95,1.00,1.00,1.00,0.05,0.05,0.15,0.15,0.15,0.35,0.45,1.00,1.00,1.00,1.00,1.00,1.00,20.8.,0,1.03,241.0527,234.031747572815,,,36.873,1.577,0.766,0.09,0.076,0.006,48.661,5.236,18,2,1.26,92.2636,73.2250793650794,,,43.787,3.194,1.343,0.504,0.131,0.028,37.81,15.73,28,-30.43,-5.68,47.27,1.90,-27.6885474954867,-5.4710150709,41.2270685809458,1.64466267504997,20/05/2020,NA,NA,NA,NA,NA,NA,NA,NA,NA,NA,NA,NA,NA,NA,NA,NA,NA,NA,NA,NA,NA,NA,NA,NA,NA,NA,NA,NA,NA,NA,NA,NA,NA,NA,NA,NA,NA,NA,14/07/2020,17,0,3.6,1.63,120.858895705521,383.4215,235.227914110429,4.0421,1.05421839933337,150.251671549846,31.6433,2.4795,0.6811,0.0968,0.1049,0.0182,46.9950,5.0461,-30.35,-6.52,43.47,2.03,28.5,0,3.99,2.09,90.9090909090909,220.5798,105.540574162679,0.05735,0.025999660893699,191.570881226054,27.1201,4.7899,1.7416,0.0402,0.1877,0.0553,15.5450,2.5724,-27.59,-5.96,46.22,1.93,51.5662015617741,6.01014723059717,12331,0.169400169400169,0.332471719543373,0.563936041462892
mof_cst_00033,21.00,3.50,1.25,0.00,0.00,0.00,0.00,0.00,0.00,0.00,0.00,0.00,25.75,81.55,13.59,4.85,0.00,0.00,0.00,0.00,0.00,0.00,0.00,0.00,0.00,2,0,0.5,45,0.5,30,4,26.1,12.9,12.9,13.2,0,8,4,68,80,74,0.80,0.85,0.90,1.00,1.00,0.60,0.60,0.60,0.60,0.75,0.75,0.75,0.75,0.95,1.00,1.00,1.00,1.00,2.9.,0,2.69,465.3126,172.978661710037,,,33.383,1.885,1.368,0.205,0.101,0.008,25.111,5.538,14,0,3.94,357.796,90.8111675126904,,,44.471,5.53,1.735,0.116,0.129,0.03,25.838,4.287,23,-29.03,-4.80,49.77,2.39,-27.2012831298802,-4.5702002196,49.0796055050659,2.01293436658894,20/05/2020,13.9,0,2.85,598.4775,209.992105263158,0.818,0.136680159237398,31.144,2.197,1.259,0.169,0.107,0.009,25.04,2.888,-27.90,-5.19,46.54,2.77,25.1,2,3.06,355.7747,116.266241830065,0.1658,0.046602526823858,30.192,3.287,1.719,0.035,0.163,0.019,17.571,1.94,-25.89,-4.62,46.80,2.29,22/07/2020,13.9,0,7.71,3.57,115.966386554622,682.3847,191.144173669468,2.44015,0.357591546234844,123.957629028623,39.5957,1.8895,1.2605,0.2452,0.0784,0.0062,32.4082,5.8142,-28.57,-4.68,45.40,2.42,25.6,6,8.5,4.66,82.4034334763948,379.06035,81.3434227467811,5.9657,1.57381271873991,196.829689730298,35.6092,2.8595,1.7176,0.0281,0.1715,0.0207,20.7430,1.7909,-26.27,-4.48,46.41,2.19,45.9957785535578,5.43054408190672,3341,0.143586846503307,0.394441075197599,0.711919445708179
mof_cst_00034,17.50,0.00,3.00,0.00,0.00,0.00,0.00,0.00,0.00,0.00,0.00,0.00,20.50,85.37,0.00,14.63,0.00,0.00,0.00,0.00,0.00,0.00,0.00,0.00,0.00,2,0,0.5,15,1,35,21,22,14.8,14.8,7.2,5,36,21,45,50,47,0.70,0.75,0.80,0.90,0.95,0.05,0.05,0.05,0.10,0.10,0.10,0.40,0.65,0.95,1.00,1.00,1.00,1.00,4.9.,0,2.88,452.8923,157.254270833333,,,41.556,2.105,0.785,0.116,0.078,0.015,54.161,9.444,8,0,4.24,419.8853,99.0295518867925,,,30.561,1.6,0.379,0.072,0.114,0.011,84.144,21.733,19,-29.14,-4.07,42.65,1.84,-27.2408796691681,-4.6635957393,48.4207176206206,2.01680163124584,19/05/2020,16,0,4.19,925.678,220.92553699284,2.1452,0.231743651680174,28.827,1.2,1.183,0.095,0.115,0.009,24.547,2.648,-27.55,-4.45,48.37,2.72,20.5,15,3.94,468.8514,118.997817258883,0.6356,0.135565341172064,33.026,2.225,1.683,0.066,0.131,0.012,19.66,1.585,-25.84,-5.03,50.75,2.47,21/07/2020,14.8,0,9.83,4.53,116.997792494481,822.8796,181.651125827815,12.5129,1.52062343020777,166.02809706258,41.1829,3.0866,1.2007,0.3119,0.0709,0.0179,38.7310,19.6485,-28.23,-4.09,41.83,2.44,21.5,0,8.67,4.85,78.7628865979382,375.8146,77.4875463917526,1.5075,0.401128641622758,288.483209375704,30.7663,3.7734,1.6707,0.0343,0.1819,0.0295,18.4010,2.0937,-26.94,-4.37,46.17,1.98,31.0352139029196,4.09312386830993,4021,0.17808558001484,0.480250545752892,0.830546563658892
mof_cst_00035,26.50,0.00,0.00,0.00,0.75,0.00,0.00,0.00,0.00,0.00,0.00,0.00,27.25,97.25,0.00,0.00,0.00,2.75,0.00,0.00,0.00,0.00,0.00,0.00,0.00,2,0,0.5,20,1,25,11,21.2,7.3,7.3,13.9,0,0,0,56,60,58,0.60,0.65,0.85,1.00,1.00,0.50,0.50,0.50,0.50,0.50,0.55,0.55,0.85,0.90,1.00,1.00,1.00,1.00,5.9.,0,2.53,658.4178,260.24418972332,,,36.201,1.784,0.62,0.062,0.09,0.011,58.994,7.106,9,0,2.48,260.1414,104.895725806452,,,21.968,3.716,1.727,0.072,0.256,0.065,12.782,2.519,17,-28.16,-5.99,46.33,1.24,-29.4443573135619,-5.0016962784,44.8577777211686,2.01119547335791,19/05/2020,1,0,1.28,575.9247,449.941171875,37.4369,6.50031158587225,22.268,1.068,0.514,0.059,0.137,0.007,44.057,7.214,-29.61,-5.72,45.01,2.58,16.2,17,2.19,308.9054,141.052694063927,0.124,0.040141739186172,30.313,1.662,1.63,0.093,0.133,0.018,18.619,0.777,-26.70,-6.70,46.55,2.49,20/07/2020,7.3,0,4.01,1.67,140.119760479042,597.20205,357.606017964072,2.14375,0.358965613061777,175.043197355571,30.7506,1.8532,0.4482,0.0389,0.1115,0.0077,68.9740,6.2468,-30.71,-5.69,43.67,2.24,NA,NA,NA,NA,NA,NA,NA,NA,NA,NA,NA,NA,NA,NA,NA,NA,NA,NA,NA,NA,NA,NA,24.1915513499681,5.09062102792685,937,0.277008310249307,0.730319905189429,1.10275962420059
mof_cst_00036,7.75,3.00,0.00,0.00,0.00,0.00,0.00,0.00,0.00,0.00,0.00,0.00,10.75,72.09,27.91,0.00,0.00,0.00,0.00,0.00,0.00,0.00,0.00,0.00,0.00,2,1.5,2,45,2,40,62,29.5,7,7,22.5,39,89,64,76,70,73,0.65,0.85,0.90,1.00,1.00,0.45,0.45,0.45,0.45,0.45,0.50,0.55,0.70,0.85,1.00,1.00,1.00,1.00,19.8.,0,2.67,399.5726,149.65265917603,,,35.883,2.712,0.803,0.185,0.105,0.011,46.98,12.13,8,4,1.94,159.4865,82.2095360824742,,,35.931,1.882,0.802,0.122,0.107,0.005,45.647,6.508,28,-30.43,-4.80,52.18,2.62,-29.6202789251816,-4.5352936989,48.5204379961312,1.52199122486595,13/05/2020,8,10,2.07,486.4859,235.017342995169,16.1995,3.32990123660316,28.329,1.46,0.856,0.106,0.131,0.015,33.522,4.271,-30.19,-5.76,49.25,2.51,28.5,26,1.86,240.3495,129.220161290323,0.0339,0.014104460379572,27.024,2.341,1.713,0.046,0.177,0.016,15.787,1.444,-27.82,-5.52,48.01,2.31,27/07/2020,7,5,4.64,2.14,116.822429906542,368.76205,172.318714953271,1.6997,0.460920531274842,NA,38.6995,3.5480,0.8354,0.0886,0.0967,0.0517,46.9080,6.9769,-31.39,-5.79,36.52,1.71,29.5,23,4.36,2.19,99.0867579908676,214.54545,97.9659589041096,8.72475,4.06662084886909,,25.3443,5.2110,1.6891,0.0430,0.2519,0.0413,15.0400,3.2260,-28.42,-5.11,44.95,1.32,53.3169059357849,5.45525864272233,17556,0.180175793138711,0.318603797460131,0.556165986514857
mof_cst_00037,26.50,1.50,1.50,0.00,0.50,0.00,0.00,0.00,0.00,0.00,0.00,0.00,30.00,88.33,5.00,5.00,0.00,1.67,0.00,0.00,0.00,0.00,0.00,0.00,0.00,3,0.5,0.5,15,0.5,20,0,24.6,16.4,16.4,8.2,0,0,0,17,27,22,0.80,0.85,1.00,1.00,1.00,0.15,0.15,0.15,0.20,0.25,0.25,0.50,0.70,0.95,1.00,1.00,1.00,1.00,5.9.,0,0.9,201.706,224.117777777778,,,41.848,2.355,0.513,0.087,0.066,0.011,83.47,12.751,17,0,1.5,132.8105,88.5403333333333,,,49.498,1.894,1.505,0.125,0.084,0.007,33.1,3.061,22,-29.29,-5.19,44.67,2.18,-27.2523746684219,-6.1521559745,48.0951110934291,2.24962457741287,19/05/2020,7,0,1.65,493.0256,298.803393939394,0.4502,0.091313716772517,28.633,2.358,0.561,0.068,0.104,0.007,51.431,5.415,-29.82,-5.42,39.40,2.48,22.6,2,2.11,219.9346,104.234407582938,0.5112,0.232432732275867,28.954,3.007,1.731,0.029,0.159,0.028,16.726,1.705,-25.52,-6.34,37.88,1.88,20/07/2020,16.4,0,3.88,1.62,139.506172839506,414.5261,255.880308641975,1.21115,0.292177018527904,181.804522575314,36.3143,2.5030,0.5530,0.0721,0.0782,0.0067,66.3790,6.8705,-30.22,-5.71,38.16,2.32,24.1,10,3.14,1.51,107.94701986755,165.1955,109.400993377483,14.948,9.04867263333444,254.676583276989,37.1417,2.6284,1.6861,0.0302,0.1285,0.0201,22.0464,1.7875,-26.80,-6.09,29.26,1.40,24.9873260654276,5.2821690316717,2170,0.706175574633066,1.55529761100006,2.32654875845575
mof_cst_00038,8.50,0.50,4.75,4.00,0.00,0.00,0.00,0.00,0.00,0.00,0.00,0.00,17.75,47.89,2.82,26.76,22.54,0.00,0.00,0.00,0.00,0.00,0.00,0.00,0.00,4,0,0,0,0.5,15,0,22.3,9.3,9.3,13,0,0,0,0,13,7,0.55,0.75,0.80,0.95,0.95,0.10,0.10,0.15,0.15,0.15,0.15,0.35,0.35,0.85,0.95,0.95,1.00,1.00,4.9.,0,2.22,315.2368,141.998558558559,,,41.414,2.028,0.503,0.07,0.067,0.005,83.599,11.467,12,0,2.29,189.7757,82.8714847161572,,,47.772,2.872,1.627,0.097,0.085,0.013,29.443,2.268,20,-29.89,-3.45,43.79,1.91,-27.5089512601146,-3.7128203329,48.5767322145777,2.16244536896783,19/05/2020,11.3,0,1.25,420.934,336.7472,0,0,29.766,1.673,0.576,0.045,0.118,0.016,52,5.393,-30.14,-3.89,34.55,2.16,NA,NA,NA,NA,NA,NA,NA,NA,NA,NA,NA,NA,NA,NA,NA,NA,NA,NA,NA,21/07/2020,9.3,0,NA,1.5,NA,395.56585,263.710566666667,10.3887,2.62628839167992,151.002929907595,37.6089,1.5693,0.5571,0.0484,0.0803,0.0085,67.9550,6.2894,-30.51,-2.85,43.66,2.50,NA,NA,NA,NA,NA,NA,NA,NA,NA,NA,NA,NA,NA,NA,NA,NA,NA,NA,NA,NA,NA,NA,26.8971853825303,8.2623232726534,2479,0.716062087299546,0.984559068525449,1.4449891162336
mof_cst_00039,13.50,2.00,7.00,0.00,6.50,0.00,0.00,0.00,0.00,0.00,0.00,0.00,29.00,46.55,6.90,24.14,0.00,22.41,0.00,0.00,0.00,0.00,0.00,0.00,0.00,2,1.5,2,45,1.5,20,22,23.9,10.8,10.8,13.1,21,76,49,85,76,81,0.55,0.75,0.80,0.90,1.00,0.60,0.60,0.60,0.60,0.60,0.60,0.60,0.60,0.90,1.00,1.00,1.00,1.00,3.9.,0,0.95,267.5833,281.666631578947,,,36.106,2.41,0.535,0.082,0.086,0.008,68.454,7.972,12,1,2.14,226.5028,105.842429906542,,,42.23,3.733,1.67,0.087,0.127,0.019,25.426,3.439,22,-27.55,-3.78,46.71,2.00,-27.0182678937989,-4.4049015799,49.1353341312593,2.21696171732574,13/05/2020,11.8,0,1.45,524.109,361.454482758621,6.5188,1.24378707482604,23.695,1.144,0.398,0.054,0.145,0.007,60.481,8.415,-26.40,-4.45,45.89,2.73,21.9,14,2.22,271.4888,122.292252252252,0.6108,0.22498165670186,27.964,2.958,1.705,0.031,0.187,0.015,16.41,1.847,-24.21,-5.70,45.58,2.24,15/07/2020,10.8,0,4.66,1.84,153.260869565217,535.11475,290.823233695652,6.82065,1.27461446353329,145.744121403351,37.6495,1.4256,0.4762,0.0354,0.0823,0.0070,79.6230,8.5874,-28.27,-3.76,36.77,2.20,21.9,11,6.6,3.23,104.334365325077,313.9532,97.199133126935,0.66465,0.211703527786944,182.555780933063,35.7599,3.4049,1.6259,0.1649,0.1611,0.0301,22.1280,2.3345,-26.22,-4.63,45.22,2.20,41.5394401469847,4.22198195628069,4749,0.35207621414518,0.629490192537756,0.83634719806966
mof_cst_00040,6.50,4.00,10.50,0.00,0.00,0.00,9.25,0.00,0.00,0.00,0.00,0.00,30.25,21.49,13.22,34.71,0.00,0.00,0.00,30.58,0.00,0.00,0.00,0.00,0.00,3,0.5,1,50,1.5,40,66,22.7,6.9,6.9,15.8,84,75,80,62,89,76,0.85,0.95,0.95,0.95,1.00,0.75,0.80,0.85,0.90,0.90,0.90,0.95,0.95,0.95,0.95,0.95,1.00,1.00,5.9.,0,1.91,426.1521,223.116282722513,,,35.597,2.631,0.512,0.057,0.085,0.009,70.178,8.743,10,1,1.13,124.1407,109.859026548673,,,35.419,5.506,1.747,0.13,0.191,0.046,20.555,4.721,20,-30.50,-3.95,40.94,1.82,-28.6093245092669,-3.9786196524,45.9306800566358,1.8261895308311,25/05/2020,1,0,0.8,359.5297,449.412125,6.2476,1.73771457545788,24.09,1.049,0.321,0.018,0.145,0.014,75.179,5.505,-29.41,-4.10,46.05,2.76,21.7,24,1.56,247.2971,158.523782051282,0.0745,0.030125707094827,34.346,2.574,1.516,0.178,0.109,0.024,23.01,3.623,-27.83,-4.63,45.37,2.40,27/07/2020,6.9,0,2.74,1.2,128.333333333333,386.6182,322.181833333333,19.8594,5.13669558236007,155.510480054091,31.3881,1.6436,0.3772,0.0275,0.0944,0.0055,83.4990,5.8969,-30.03,-4.07,45.21,2.39,19.7,5,2.97,1.49,99.3288590604027,216.22345,145.116409395973,0.341,0.157707223707697,217.864923747277,33.2059,2.1646,1.5195,0.0775,0.1389,0.0144,21.9480,2.3313,-27.75,-4.00,45.97,2.09,37.7197215127792,4.04455198410934,13032,0.174074284308717,0.529706028841884,0.852714883714948
mof_cst_00041,16.00,6.50,0.00,0.00,0.00,0.00,0.00,0.00,0.00,0.00,0.00,0.00,22.50,71.11,28.89,0.00,0.00,0.00,0.00,0.00,0.00,0.00,0.00,0.00,0.00,4,0,0,10,0,10,28,23.8,2,2,21.8,2,17,10,21,58,39,0.75,0.90,0.95,1.00,1.00,0.05,0.05,0.05,0.05,0.10,0.20,0.35,1.00,0.95,1.00,1.00,1.00,0.95,13.8.,0,1.73,108.913,62.9554913294798,,,33.229,0.798,0.59,0.075,0.108,0.025,57.021,6.678,6,0,3.44,100.0912,29.0962790697674,,,39.068,4.058,1.638,0.152,0.123,0.021,23.926,2.135,20,-30.38,-5.36,45.65,2.05,-28.8386959589901,-5.485150135,44.2988507728388,1.93083198073056,12/05/2020,5,0,1.4,582.8227,416.301928571429,4.7784,0.819871978219105,23.919,1.264,0.416,0.038,0.142,0.019,57.923,6.577,-29.81,-5.28,49.55,3.21,21.8,8,1.68,239.8774,142.784166666667,0.0432,0.018009199699513,27.23,3.783,1.586,0.13,0.193,0.038,17.334,3.257,-28.30,-5.63,47.02,2.24,13/07/2020,2,1,2.63,0.96,173.958333333333,388.64865,404.84234375,0.79875,0.205519818478721,134.475246037112,26.3434,0.8288,0.2841,0.0371,0.1114,0.0092,94.2350,13.0983,-29.99,-5.26,43.59,2.27,22.3,7,4.55,2.44,86.4754098360656,282.4549,115.760204918033,11.35165,4.01892479117905,276.463075651717,33.6096,3.9112,1.5898,0.4992,0.1271,0.0548,21.2720,7.4127,-27.51,-5.49,41.13,1.77,27.0563403256222,6.40299408021287,8042,0.822734499205088,1.46283420272645,1.72254602333697
mof_cst_00042,12.00,0.25,0.00,6.00,0.00,0.00,0.00,0.00,0.00,0.25,0.00,0.00,18.50,64.86,1.35,0.00,32.43,0.00,0.00,0.00,0.00,0.00,1.35,0.00,0.00,3,0.5,0.5,25,0.5,25,35,25,10.2,10.2,14.8,56,90,73,44,34,39,0.55,0.80,0.90,1.00,1.00,0.00,0.05,0.10,0.15,0.15,0.15,0.90,0.90,1.00,1.00,1.00,1.00,1.00,2.9.,0,1.79,285.4525,159.470670391061,,,39.515,1.299,0.457,0.055,0.069,0.007,87.507,9.925,11,0,2.22,184.7743,83.2316666666667,,,48.495,8.049,1.174,0.444,0.111,0.032,47.882,23.456,22,-30.60,-3.92,37.04,1.81,-26.7163692710475,-3.8612667453,45.6283141855021,1.82831538136729,20/05/2020,10.2,0,1.64,625.5513,381.433719512195,11.8352,1.89196313715598,27.854,1.474,0.463,0.077,0.102,0.006,61.947,12.873,-29.72,-4.02,46.95,2.98,22,18,1.91,283.4922,148.425235602094,0.0601,0.021199877809689,36.418,3.585,1.556,0.157,0.091,0.008,23.479,1.772,-27.85,-4.76,49.39,2.39,22/07/2020,10.2,0,4.43,1.7,160.588235294118,564.1905,331.876764705882,6.1657,1.0928400956769,144.241604687852,32.7553,1.4511,0.3290,0.0514,0.0924,0.0098,101.2900,12.7310,-28.22,-4.08,49.32,2.49,24,12,7.01,3.75,86.9333333333333,304.78895,81.2770533333333,0.5709,0.187309940206166,224.62624896702,49.6808,3.2200,1.7024,0.0616,0.0833,0.0185,29.2280,2.3442,-26.82,-4.01,48.40,2.24,44.8816939519145,6.83615556109917,3767,0.604580862690385,1.7450421943158,1.93150397031437
mof_cst_00043,11.25,0.50,0.00,2.00,0.00,10.00,0.50,0.00,0.00,0.00,0.00,0.00,24.25,46.39,2.06,0.00,8.25,0.00,41.24,2.06,0.00,0.00,0.00,0.00,0.00,1,1,1.5,25,1.5,20,15,35.6,13.9,13.9,21.7,4,8,6,1,90,45,0.50,0.55,0.90,0.95,1.00,0.00,0.05,0.05,0.10,0.10,0.15,0.25,0.85,0.95,1.00,1.00,1.00,1.00,5.9.,0,1.31,364.838,278.502290076336,,,35.286,1.501,0.434,0.03,0.097,0.012,81.759,7.651,14,0,1.94,197.4325,101.769329896907,,,37.704,1.74,1.612,0.218,0.135,0.024,23.987,5.056,34,-31.03,-2.41,42.27,2.13,-27.8204308589342,-2.4179262896,43.3296136997108,1.76038262282172,19/05/2020,4,29,1.18,470.9531,399.11279661017,4.3869,0.93149402774926,21.809,1.446,0.542,0.06,0.147,0.013,40.6,4.688,-30.51,-3.34,47.85,2.48,32.6,31,1.4,220.0716,157.194,1.3393,0.608574663882118,28.259,4.712,1.495,0.202,0.134,0.017,19.205,3.799,-26.42,-3.05,49.76,2.97,20/07/2020,13.9,0,2.44,1.04,134.615384615385,342.5562,329.380961538462,0.3157,0.092160060159472,151.754188265344,32.6913,1.5977,0.5911,0.0339,0.0825,0.0088,55.4500,3.8068,-32.09,-3.10,46.67,2.36,32.1,5,2.98,1.45,105.51724137931,269.13125,185.60775862069,4.70135,1.74686142913541,186.312072721809,35.7484,3.6955,1.4186,0.4688,0.0955,0.0183,25.3690,8.0641,-28.40,-3.13,36.66,1.94,48.70141258612,4.06946863622414,20127,0.140056022408964,0.283043786387509,0.466783175477016
mof_cst_00044,18.25,8.50,0.25,0.00,0.00,0.00,0.00,0.00,0.00,0.00,0.00,0.00,27.00,67.59,31.48,0.93,0.00,0.00,0.00,0.00,0.00,0.00,0.00,0.00,0.00,3,4,4,100,4,100,0,20.1,8.5,8.5,11.6,82,30,56,40,55,47,0.80,0.80,0.85,0.85,0.85,1.00,1.00,1.00,1.00,1.00,1.00,1.00,1.00,1.00,1.00,1.00,1.00,1.00,19.8.,0,1.01,174.7571,173.026831683168,,,40.943,4.656,0.939,0.084,0.082,0.029,44.2,7.745,9,0,1.09,NA,NA,,,NA,NA,NA,NA,NA,NA,NA,NA,16,-31.94,-5.40,38.98,1.96,-29.7508317435994,-5.8291847259,43.9351872285572,2.46730343498659,NA,NA,NA,NA,NA,NA,NA,NA,NA,NA,NA,NA,NA,NA,NA,NA,NA,NA,NA,NA,NA,NA,NA,NA,NA,NA,NA,NA,NA,NA,NA,NA,NA,NA,NA,NA,NA,NA,NA,NA,NA,NA,NA,NA,NA,NA,NA,NA,NA,NA,NA,NA,NA,NA,NA,NA,NA,NA,NA,NA,NA,NA,NA,NA,NA,NA,NA,NA,NA,NA,NA,NA,NA,NA,NA,NA,NA,NA,NA,NA,NA,NA,NA,NA,35.3323973664008,5.00220848636972,NA,0.356265356265356,1.01357361509453,1.28940588615732
mof_cst_00045,13.75,0.50,3.25,0.00,0.00,0.00,0.00,0.00,0.00,0.00,0.00,0.00,17.50,78.57,2.86,18.57,0.00,0.00,0.00,0.00,0.00,0.00,0.00,0.00,0.00,2,0.5,1.5,65,1.5,40,5,24.5,8.5,0.5,24,41,60,51,85,64,74,0.95,1.00,1.00,1.00,1.00,0.90,0.90,0.90,0.90,0.95,0.95,1.00,0.90,1.00,1.00,1.00,1.00,1.00,3.9.,0,1.31,242.0997,184.80893129771,,,38.321,2.354,1.055,0.117,0.083,0.007,36.519,2.281,5,0,1.67,151.1996,90.5386826347305,,,36.911,3.203,1.772,0.036,0.179,0.027,20.837,1.835,21,-29.25,-5.74,45.34,1.92,-28.1742478089935,-5.5262738033,43.8297189977066,1.69068309182306,20/05/2020,0.5,0,1.9,457.1691,240.615315789474,5.303,1.15996466077869,30.308,1.469,0.91,0.109,0.103,0.006,33.686,3.967,-28.83,-5.90,46.68,2.58,23.5,27,1.46,166.823,114.262328767123,0.0265,0.01588509977641,30.993,8.387,1.66,0.191,0.124,0.011,18.266,4.164,-27.59,-5.93,47.64,2.03,22/07/2020,1.5,0,4.87,2.24,117.410714285714,467.92245,208.893950892857,5.22215,1.11602894881406,117.947562166629,35.4442,2.4385,0.8056,0.1565,0.0863,0.0059,45.1330,6.6795,-28.83,-5.70,48.92,2.58,24.5,17,3.61,1.81,99.4475138121547,166.97835,92.2532320441989,0.0151,0.009043088520158,211.103598527534,37.0327,4.2516,1.7386,0.0332,0.1546,0.0179,21.3145,2.5435,-26.80,-5.96,44.96,1.85,34.2183127647575,4.49562651407717,2704,0.315078769692423,0.631653522976718,0.949442394278313
mof_cst_00046,19.00,0.00,0.00,0.00,0.75,0.00,0.00,0.00,0.00,0.00,0.00,0.00,19.75,96.20,0.00,0.00,0.00,3.80,0.00,0.00,0.00,0.00,0.00,0.00,0.00,3,2,2,70,2,60,0,26.4,14.8,14.8,11.6,2,6,4,72,49,60,0.70,0.85,0.95,1.00,1.00,0.60,0.60,0.60,0.60,0.60,0.60,0.85,0.85,0.95,1.00,1.00,1.00,1.00,3.9.,0,2.47,385.3162,155.998461538462,,,41.197,1.934,0.869,0.143,0.075,0.022,48.605,8.525,16,0,1.9,208.2205,109.589736842105,,,35.83,2.87,1.687,0.158,0.166,0.029,21.52,3.684,24,-30.13,-5.95,45.50,1.77,-29.2813054129762,-6.1682042353,45.606774079649,1.74569484031501,25/05/2020,14.8,0,2.23,559.209,250.766367713004,10.1796,1.82035696850373,33.526,2.831,0.942,0.141,0.091,0.009,36.034,4.002,-28.74,-6.36,46.47,2.19,25.4,15,2.57,242.0966,94.2010116731518,0,0,29.88,4.088,1.698,0.013,0.175,0.028,17.585,2.319,-26.66,-6.15,46.35,2.01,27/07/2020,14.8,0,6.63,2.7,145.555555555556,729.9796,270.362814814815,0.44065,0.060364700602592,164.525580347081,36.0564,1.3855,0.4602,0.0331,0.0750,0.0041,78.5910,4.7929,-29.43,-4.99,36.33,1.91,25.4,15,4.06,1.99,104.020100502513,195.22455,98.1027889447236,0.7093,0.36332520679392,261.437908496732,30.1902,4.8778,1.7404,0.0633,0.1647,0.0323,17.3580,2.7974,-27.04,-6.34,46.84,1.90,29.2845095289087,6.65283725927051,3576,0.459145427286357,0.785982950144514,1.1275760815448
mof_cst_00047,15.75,0.00,0.00,0.00,0.00,0.00,0.00,0.00,0.00,0.00,0.00,0.00,15.75,100.00,0.00,0.00,0.00,0.00,0.00,0.00,0.00,0.00,0.00,0.00,0.00,2,2,1.5,25,2,35,97,29.8,11.5,14.5,15.3,83,95,89,2,30,16,0.90,0.90,0.95,1.00,1.00,0.05,0.05,0.05,0.05,0.15,0.25,0.40,1.00,0.95,1.00,1.00,1.00,1.00,21.8.,0,2.59,252.4947,97.4883011583012,,,45.392,2.261,1.3,0.112,0.088,0.01,35.081,2.501,15,4,1.53,85.2426,55.7141176470588,,,43.031,3.919,1.461,0.299,0.36,0.016,34.502,8.339,28,-29.92,-3.68,44.60,2.49,-28.7471710074104,-3.9655804405,45.6727094235517,1.78277878887399,18/05/2020,12.5,0,2.49,591.4099,237.514016064257,1.9481,0.329399288040325,29.898,1.228,0.886,0.055,0.122,0.009,33.908,2.933,-29.41,-3.79,44.36,2.81,28.8,0,2.94,300.0851,102.069761904762,0.1137,0.037889252082159,24.894,2.856,1.703,0.055,0.195,0.027,14.636,1.811,-26.43,-4.07,48.72,2.30,15/07/2020,11.5,0,5.12,2.11,142.654028436019,507.9896,240.75336492891,2.85035,0.561104006853684,150.251671549846,38.2082,1.6571,0.8192,0.1222,0.0954,0.0077,47.8680,9.3336,-30.48,-3.02,42.45,2.31,28.8,0,7.56,3.96,90.9090909090909,349.56695,88.2744823232323,14.77165,4.22569982659974,165.276838704831,29.9906,7.7517,1.6285,0.1666,0.1968,0.0335,18.1350,3.8562,-27.10,-3.87,47.51,2.18,47.2690180982929,5.89587071158576,6733,0.094742518984943,0.270475718683939,0.506707971251126
mof_cst_00048,11.75,0.00,10.00,0.75,7.75,0.00,0.00,0.00,0.00,0.00,0.00,0.00,30.25,38.84,0.00,33.06,2.48,25.62,0.00,0.00,0.00,0.00,0.00,0.00,0.00,4,0,0,10,0,10,0,23.4,8.5,0.5,22.9,0,10,5,6,15,11,0.40,0.60,0.85,1.00,1.00,0.05,0.05,0.05,0.10,0.10,0.10,0.20,0.45,0.95,1.00,1.00,1.00,1.00,2.9.,0,2.03,373.7898,184.132906403941,,,36.526,1.343,0.424,0.065,0.095,0.011,87.971,14.043,5,0,1.69,320.0253,189.364082840237,,,33.551,1.82,1.001,0.225,0.106,0.01,34.928,7.159,21,-30.38,-5.32,45.79,2.11,-29.2280828064989,-5.8372088563,46.6076730243893,1.7210347613941,20/05/2020,6,0,1.43,484.4413,338.77013986014,3.4717,0.716639972686061,25.05,1.477,0.329,0.026,0.126,0.023,76.437,4.645,-31.27,-4.91,43.39,2.78,19.4,0,2.26,452.8824,200.390442477876,0.2413,0.053280940040947,31.393,2.638,1.504,0.063,0.126,0.014,20.937,2.331,-28.23,-6.07,47.18,2.26,22/07/2020,0.5,0,2.69,1.06,153.77358490566,380.3877,358.856320754717,16.3895,4.30863037895284,87.8972278566599,28.9858,0.6925,0.2452,0.0224,0.1084,0.0105,119.1510,11.1437,-30.45,-4.44,39.54,2.11,21.4,0,7.55,3.93,92.1119592875318,405.0499,103.066132315522,16.87845,4.16700510233431,226.128765682518,32.1496,4.0771,1.7881,0.5402,0.1648,0.0174,17.4540,5.4746,-27.48,-5.74,44.70,1.88,25.6239458377952,5.43574251435871,3579,0.240332095258903,0.971909327149765,1.47424132991505
mof_cst_00049,13.75,0.00,0.25,0.00,14.75,0.00,0.00,0.00,0.00,0.00,0.00,0.00,28.75,47.83,0.00,0.87,0.00,51.30,0.00,0.00,0.00,0.00,0.00,0.00,0.00,3,0,0.5,10,0.5,30,4,31.9,14.9,14.9,17,1,22,12,5,12,9,0.35,0.65,0.90,1.00,1.00,0.00,0.00,0.00,0.10,0.10,0.15,0.25,0.70,1.00,1.00,1.00,1.00,1.00,10.9.,0,1.47,597.5399,406.489727891156,,,29.891,1.569,0.192,0.022,0.125,0.007,157.103,18.995,16,0,5.32,349.4213,65.6806954887218,,,49.53,3.543,1.162,0.246,0.078,0.01,44.609,11.057,29,-32.50,-4.68,47.64,2.19,-29.5319239813083,-5.4771260046,43.8862856546415,2.26649438287534,26/05/2020,14.9,0,1.44,446.6142,310.14875,0.6228,0.139449215900435,28.169,1.451,0.358,0.033,0.123,0.03,79.352,9.27,-31.18,-5.50,44.05,2.57,29.9,12,2.61,245.5397,94.0765134099617,0.5481,0.223222558307272,38.999,3.246,1.48,0.193,0.099,0.021,26.71,3.756,-27.99,-5.63,48.75,2.89,29/07/2020,14.9,0,3.78,1.3,190.769230769231,542.3815,417.216538461538,0.57285,0.105617540421272,126.96266245962,27.9627,1.4391,0.1960,0.0171,0.1097,0.0119,143.4110,11.5423,-32.34,-4.22,41.19,2.52,30.4,9,3.4,1.85,83.7837837837838,197.55845,106.788351351351,21.18355,10.7226747324653,249.417774772744,35.5226,4.1901,1.5875,0.1217,0.1198,0.0231,22.5480,3.6303,-28.60,-5.75,47.16,1.94,45.677468667374,2.91507982717129,2772,0.351311659515651,0.827102389987956,1.27877886469584
mof_cst_00050,8.00,7.25,0.00,0.00,0.00,0.00,0.00,0.00,0.00,0.00,0.00,0.00,15.25,52.46,47.54,0.00,0.00,0.00,0.00,0.00,0.00,0.00,0.00,0.00,0.00,2,1.5,2,55,2,50,44,26.5,4,4,22.5,14,55,35,67,60,64,0.60,0.70,0.75,1.00,1.00,0.25,0.30,0.35,0.35,0.35,0.35,0.45,0.55,0.80,0.95,1.00,1.00,1.00,12.8.,0,1.32,190.5888,144.385454545455,,,34.049,1.813,0.907,0.051,0.092,0.009,37.681,3.52,6,4,1.9,106.8167,56.2193157894737,,,35.925,2.749,1.734,0.066,0.142,0.01,20.711,1.263,24,-30.22,-5.51,44.11,1.52,-28.7316409150565,-5.8923747528,47.7213538067604,1.68123084953083,12/05/2020,9,0,1.51,444.1408,294.13298013245,1.257,0.283018358142283,22.689,2.239,0.907,0.101,0.166,0.013,25.383,4.236,-29.37,-6.64,39.53,1.93,26.5,12,1.44,194.1107,134.799097222222,0.0852,0.04389247990966,27.912,2.962,1.635,0.073,0.203,0.026,17.067,1.651,-27.11,-6.24,43.29,1.94,08/07/2020,5,16,2.94,NA,NA,393.53695,NA,0.0322,0.008182205000064,199.083464803546,30.5570,1.5926,0.5976,0.0445,0.1074,0.0063,51.3860,4.5024,NA,NA,NA,NA,23.5,13,3.56,NA,NA,201.6696,NA,4.17745,2.07143267998746,226.987346662803,31.7021,3.7743,1.0440,0.1894,0.1769,0.0233,31.2020,6.7658,NA,NA,NA,NA,50.7704268463146,3.8499575177992,23983,0.042812088230957,0.330702485647817,0.538913281842972
mof_sap_00003,7.00,1.25,0.00,0.00,0.00,0.00,0.00,0.00,0.00,0.00,0.00,0.00,8.25,84.85,15.15,0.00,0.00,0.00,0.00,0.00,0.00,0.00,0.00,0.00,0.00,1,2,3,90,2,30,95,30.6,9,9,21.6,75,70,72,70,86,78,0.95,0.95,0.95,1.00,1.00,0.25,0.25,0.25,0.25,0.25,0.40,0.65,0.95,0.95,1.00,1.00,1.00,1.00,12.8.,0,3.3,647.836,196.313939393939,6.2425,0.96359263764286,26.915,1.546,1.684,0.175,0.174,0.014,16.12,7.24,10,9,1.96,336.3952,171.630204081633,3.9143,1.1636016209506,37.916,5.717,1.671,0.175,0.143,0.027,23.105,5.528,28,-27.66,-4.10,47.50,1.47,-28.7087487204473,-5.0478350282,44.5747861636454,1.99172829775469,12/05/2020,11,0,NA,458.0997,NA,18.1107,3.95344070297361,28.305,1.126,1.211,0.177,0.156,0.008,23.839,3.659,-27.20,-5.10,48.62,2.14,31,4,NA,243.1138,NA,0.0171,0.007033743045438,12.877,3.92,1.498,0.179,0.305,0.015,8.423,2.022,-25.60,-6.48,49.48,2.17,08/07/2020,9,0,4.72,NA,NA,328.53495,NA,1.26805,0.385971112053679,194.575914657051,35.8712,2.6318,1.6526,0.5404,0.1238,0.0524,21.6044,7.0011,NA,NA,NA,NA,25.3,29,5.53,NA,NA,246.6823,NA,0.30135,0.122161176541649,287.731951017955,27.4526,2.6194,1.6703,0.0815,0.2313,0.0276,16.4620,1.6366,NA,NA,NA,NA,50.133807073947,5.05452116041572,31832,0.071799436285418,0.173404703934828,0.304000603180846
mof_sap_00002,8.00,0.25,0.00,0.00,0.00,0.00,0.00,0.00,0.00,0.00,0.00,0.00,8.25,96.97,3.03,0.00,0.00,0.00,0.00,0.00,0.00,0.00,0.00,0.00,0.00,2,2,2,25,4,100,0,34,18.3,18.3,15.7,61,92,77,42,48,45,1.00,1.00,1.00,1.00,1.00,0.95,0.95,0.95,1.00,1.00,1.00,1.00,1.00,1.00,1.00,1.00,1.00,0.95,12.8.,0,2.21,396.79635,179.545859728507,1.2471,0.314292205560863,37.603,2.448,0.933,0.16,0.097,0.027,41.504,2.171,16,2,2.08,331.2109,159.236009615385,17.46035,5.27167131274967,27.526,2.881,1.697,0.049,0.176,0.032,16.223,1.626,31,-30.54,-5.34,47.12,1.35,-29.3925213766966,-5.2303839948,47.0042728130023,1.26700662952413,12/05/2020,12,0,0.83,166.1563,200.188313253012,0.3333,0.200594259742182,16.528,3.075,1.643,0.051,0.265,0.047,10.041,1.735,NA,NA,NA,NA,29.6,48,0.67,98.197,146.562686567164,0.1089,0.110899518315223,23.681,3.414,1.685,0.051,0.222,0.024,14.056,1.996,NA,NA,NA,NA,08/07/2020,18.3,0,2.1,NA,NA,166.66075,NA,3.68025,2.20822839210792,236.646382691007,17.1951,2.2045,1.6929,0.0452,0.2669,0.0253,10.1390,1.1211,NA,NA,NA,NA,24,11,1.41,NA,NA,80.56345,NA,3.6512,4.53207999409161,200.585981519044,19.0750,2.2344,1.5907,0.0857,0.2860,0.0299,12.0100,1.4339,NA,NA,NA,NA,63.9802871229419,5.05452116041572,52941,0.118850193477059,0.258421080203258,0.341393750725984
